college_gsis_id,first_name,last_name,football_name,weight,hand_size,last_twenty_of_forty_yd_dash,first_ten_of_forty_yd_dash,standing_broad_jump,three_cone,height,forty_yd_dash,wingspan,first_twenty_of_forty_yd_dash,standing_vertical,bench_reps_of_225,twenty_yard_shuttle,arm_length,birthdate,draft_club,draft_club_name,draft_club_code,draft_season,draft_round,draft_pick,draft_overall_selection,hometown,hometown_state,hometown_country,recruiting_stars,team_code,team_name,conference
350698,Dwight,McGlothern,Dwight,189.0,8.5,1.8699999,1.55,111.0,7.23,73.875,4.47,73.75,2.6,31.0,,4.33,31.0,2002-02-06 00:00:00,2315DA89-83D2-5174-B6A7-1E81D98032A2,Minnesota Vikings,MIN,2024,,,,Houston,TX,US,4,ARUN,Arkansas Razorbacks,Southeastern Conference
336849,Hunter,Nourzad,Hunter,319.0,10.75,,,,,75.125,,79.375,,,27.0,,33.125,1999-11-26 00:00:00,3BAABDB4-8C73-58F8-8E87-8DB435AEFB16,Kansas City Chiefs,KC,2024,5,24,160,Marietta,GA,US,,PAST,Penn State Nittany Lions,Big Ten Conference
362959,Jaden,Shirden,Jaden,189.0,9.25,1.8799999,1.56,117.0,,68.0,4.45,69.625,2.57,34.5,,,28.75,2002-05-02 00:00:00,B0AFC250-BC45-565B-AB31-C09E2D5209E8,Carolina Panthers,CAR,2024,,,,West Haven,CT,US,,NJMO,Monmouth Hawks,Colonial Athletic Association
324852,David,Ugwoegbu,David,243.0,10.25,1.97,1.75,116.0,7.56,75.875,4.86,80.5,2.89,28.5,21.0,4.71,33.75,2000-09-13 00:00:00,645FDDD1-DF20-5323-93E4-C7C176BAA507,Buffalo Bills,BUF,2024,,,,Katy,TX,US,3,TXHO,Houston Cougars,Big Twelve Conference
304792,Ernest,Perry,E.J.,208.0,9.0,1.99,1.58,123.0,6.85,73.625,4.65,75.5,2.66,34.5,,4.18,32.0,1998-08-16 00:00:00,B0D7698E-EDF7-5AFE-98FE-85827218ADB9,Jacksonville Jaguars,JAX,2022,,,,Andover,MA,US,3,RIBR,Brown Bears,Ivy League
330326,Jared,Harrison-Hunte,Jared,290.0,9.5,,1.69,111.0,7.76,75.125,4.86,79.75,,32.0,,4.65,33.375,2000-07-22 00:00:00,B0AFC250-BC45-565B-AB31-C09E2D5209E8,Carolina Panthers,CAR,2025,,,,Middle Village,NY,US,3,TXMU,SMU Mustangs,Atlantic Coast Conference
305581,Chigoziem,Okonkwo,Chigoziem,243.0,9.75,1.8699999,1.57,110.0,7.19,74.5,4.52,78.125,2.65,35.5,13.0,4.45,32.75,1999-09-08 00:00:00,B4A5EBDF-C1AB-5046-9985-A69F83A44ACE,Tennessee Titans,TEN,2022,4,38,143,Powder Springs,GA,US,3,MDUN,Maryland Terrapins,Big Ten Conference
305396,Jashaun,Corbin,Jashaun,203.0,9.5,1.9199998,1.58,110.0,7.06,71.125,4.6,76.0,2.68,34.0,11.0,4.25,31.875,2000-08-20 00:00:00,8F5BF2A9-6CE9-5164-988E-2E0062F32090,New York Giants,NYG,2022,,,,Rockledge,FL,US,4,FLST,Florida State Seminoles,Atlantic Coast Conference
351359,Robert,Longerbeam,Robert,174.0,8.5,,1.5,134.0,6.76,70.875,4.39,76.5,,36.5,,4.25,31.625,2001-01-18 00:00:00,A2C18DC9-2B95-595A-91C1-C07D8BF10FFC,Baltimore Ravens,BLT,2025,6,36,214,Alexandria,VA,US,3,NJRU,Rutgers Scarlet Knights,Big Ten Conference
373367,Trey,Taylor,Trey,206.0,9.25,1.96,1.59,123.0,6.9,72.75,4.59,76.5,2.63,37.5,22.0,4.13,32.125,2001-01-30 00:00:00,BB3667CC-9AC6-5170-9572-2B840882FACD,Las Vegas Raiders,LV,2024,7,3,223,Frisco,TX,US,3,COAF,Air Force Falcons,Mountain West Conference
304628,Lucas,Krull,Lucas,253.0,9.5,1.9799998,1.62,120.0,7.16,78.125,4.64,80.0,2.66,35.0,,4.35,,1998-07-11 00:00:00,361E23BB-82F8-554D-B60D-24AC2D7679C3,New Orleans Saints,NO,2022,,,,Shawnee,KS,US,,PAPT,Pittsburgh Panthers,Atlantic Coast Conference
348991,Elijah,Roberts,Elijah,292.0,10.5,,1.67,116.0,,75.5,4.78,82.25,,31.5,25.0,4.78,34.0,2001-12-24 00:00:00,07F46F9D-1C41-534E-AB68-574E82C94A46,Tampa Bay Buccaneers,TB,2025,5,21,157,Miami,FL,US,4,TXMU,SMU Mustangs,Atlantic Coast Conference
305338,Baylon,Spector,Baylon,231.0,10.0,1.9299998,1.61,122.0,6.93,73.125,4.6,75.625,2.67,36.0,19.0,4.23,31.5,1998-10-20 00:00:00,645FDDD1-DF20-5323-93E4-C7C176BAA507,Buffalo Bills,BUF,2022,7,10,232,Calhoun,GA,US,3,SCCL,Clemson Tigers,Atlantic Coast Conference
325360,Caedan,Wallace,Caedan,314.0,10.75,2.17,1.74,116.0,7.73,76.0,5.15,82.6,2.98,31.0,,4.96,34.0,2000-04-18 00:00:00,CB8FB75C-0A4C-5080-8580-9B2D46E98591,New England Patriots,NE,2024,3,4,68,Robbinsville,NJ,US,4,PAST,Penn State Nittany Lions,Big Ten Conference
325610,Deantre,Prince,Deantre,184.0,8.625,1.8000002,1.55,125.0,7.46,72.125,4.38,74.25,2.58,37.5,12.0,,31.125,2000-10-12 00:00:00,B0D7698E-EDF7-5AFE-98FE-85827218ADB9,Jacksonville Jaguars,JAX,2024,5,18,153,Charleston,MS,US,4,MSUN,Ole Miss Rebels,Southeastern Conference
309574,David,White,David,201.0,9.5,1.8899999,1.59,123.0,7.05,74.125,4.58,75.75,2.69,36.0,14.0,4.07,31.625,2000-07-18 00:00:00,B0D7698E-EDF7-5AFE-98FE-85827218ADB9,Jacksonville Jaguars,JAX,2024,,,,Jacksonville,FL,US,,NCWE,Western Carolina Catamounts,Southern Conference
349410,Lideatrick,Griffin,Lideatrick,182.0,9.375,1.8499999,1.54,124.0,7.04,72.25,4.43,73.625,2.58,35.5,,4.32,30.5,2001-01-23 00:00:00,BB3667CC-9AC6-5170-9572-2B840882FACD,Las Vegas Raiders,LV,2024,,,,Philadelphia,MS,US,4,MSST,Mississippi State Bulldogs,Southeastern Conference
305093,Fabien,Lovett,Fabien,316.0,10.375,2.08,1.75,101.0,7.56,75.875,5.0,83.75,2.92,25.5,26.0,4.82,34.25,1999-12-05 00:00:00,3BAABDB4-8C73-58F8-8E87-8DB435AEFB16,Kansas City Chiefs,KC,2024,,,,Vicksburg,MS,US,3,FLST,Florida State Seminoles,Atlantic Coast Conference
349905,Nazir,Stackhouse,Nazir,325.0,10.5,,1.8,105.0,7.65,75.625,5.15,79.25,,27.5,27.0,4.85,32.625,2002-04-18 00:00:00,63D59843-D136-5F8B-9C55-DE09A20AB321,Green Bay Packers,GB,2025,,,,Stone Mountain,GA,US,4,GAUN,Georgia Bulldogs,Southeastern Conference
325018,Luke,Tenuta,Luke,314.0,10.125,2.3000002,1.76,108.0,7.75,80.0,5.28,79.75,2.98,32.0,19.0,4.77,32.875,1999-09-01 00:00:00,645FDDD1-DF20-5323-93E4-C7C176BAA507,Buffalo Bills,BUF,2022,6,31,210,Crozet,VA,US,3,VAPI,Virginia Tech Hokies,Atlantic Coast Conference
353728,Nash,Jones,Nash,320.0,10.5,2.2500002,1.82,113.0,,76.0,5.32,82.375,3.07,30.0,29.0,,33.125,2002-03-29 00:00:00,DD0C9C81-33C9-5CC9-BEE2-7C26A6327F6C,Los Angeles Chargers,LAC,2025,,,,Nacogdoches,TX,US,,TXSW,Texas State Bobcats,Sun Belt Conference
337079,Andrew,Coker,Andrew,313.0,9.5,2.2700002,1.84,94.0,8.02,78.875,5.36,81.0,3.09,25.5,24.0,5.0,33.625,2001-03-23 00:00:00,BB3667CC-9AC6-5170-9572-2B840882FACD,Las Vegas Raiders,LV,2024,,,,Katy,TX,US,3,TXCU,TCU Horned Frogs,Big Twelve Conference
326470,Aaron,Casey,Aaron,230.0,9.625,2.01,1.62,117.0,7.09,73.125,4.69,79.0,2.68,34.0,16.0,4.4,32.0,2000-06-12 00:00:00,D6EE26D1-1C8A-5599-A3BD-1537E7DE85BC,Cincinnati Bengals,CIN,2024,,,,Douglasville,GA,US,3,INUN,Indiana Hoosiers,Big Ten Conference
348768,John,Williams,John,322.0,11.0,,1.8,,7.93,76.125,5.17,81.5,,,29.0,4.72,33.875,2002-01-17 00:00:00,63D59843-D136-5F8B-9C55-DE09A20AB321,Green Bay Packers,GB,2025,7,34,252,Bolingbrook,IL,US,3,OHCI,Cincinnati Bearcats,Big Twelve Conference
359846,Dominic,Lovett,Dominic,186.0,9.25,,1.53,120.0,,70.25,4.4,74.875,,33.5,,4.27,31.5,2002-11-08 00:00:00,9BBD6453-9703-5015-8A11-1A607B8805BD,Detroit Lions,DET,2025,7,28,244,Belleville,IL,US,4,GAUN,Georgia Bulldogs,Southeastern Conference
283943,Ben,Stille,Ben,300.0,9.5,2.1,1.77,116.0,7.45,76.0,4.98,79.25,2.88,32.0,22.0,4.29,32.125,1997-11-12 00:00:00,4857A921-F6C9-5357-8527-F8589332184B,Miami Dolphins,MIA,2022,,,,Ashland,NE,US,3,NEUN,Nebraska Cornhuskers,Big Ten Conference
280351,Parker,White,Parker,207.0,9.375,,,126.0,,76.125,,79.5,,34.0,,,33.5,1998-07-24 00:00:00,63D59843-D136-5F8B-9C55-DE09A20AB321,Green Bay Packers,GB,2022,,,,Mount Pleasant,SC,US,,SCUN,South Carolina Gamecocks,Southeastern Conference
328254,Shilo,Sanders,Shilo,,,,,113.0,,,4.56,,,,,,,2000-02-09 00:00:00,07F46F9D-1C41-534E-AB68-574E82C94A46,Tampa Bay Buccaneers,TB,2025,,,,Canton,TX,US,3,COUN,Colorado Buffaloes,Big Twelve Conference
361769,Andrew,Henry,Andrew,198.0,8.625,1.94,1.51,125.0,7.5,69.75,4.57,72.75,2.63,37.5,22.0,4.3,29.75,,,,,,,,,Dallas,TX,US,,NMUN,New Mexico Lobos,Mountain West Conference
326204,Nick,Nash,Nick,201.0,8.875,,1.54,123.0,7.08,74.125,4.57,76.25,,34.0,,4.37,31.375,1999-07-08 00:00:00,05B24043-BB4C-50E7-88F6-F2E43146B5A2,Atlanta Falcons,ATL,2025,,,,Irvine,CA,US,,CASJ,San Jose State Spartans,Mountain West Conference
349254,Jeremiah,Pegues,J.J.,305.0,9.25,,1.82,,7.77,74.5,5.15,79.875,,27.5,23.0,4.89,32.5,2001-11-25 00:00:00,BB3667CC-9AC6-5170-9572-2B840882FACD,Las Vegas Raiders,LV,2025,6,4,182,St. Petersburg,FL,US,4,MSUN,Ole Miss Rebels,Southeastern Conference
351069,Logan,Lee,Logan,288.0,10.125,2.14,1.76,114.0,7.16,77.125,5.05,79.875,2.91,31.5,25.0,4.37,31.25,2000-06-12 00:00:00,995A2DD0-93BD-5651-A60D-6708B62B17B3,Pittsburgh Steelers,PIT,2024,6,2,178,Orion,IL,US,3,IAUN,Iowa Hawkeyes,Big Ten Conference
278868,Zachary,Thomas,Zachary,305.0,10.25,2.1200001,1.65,107.0,7.4,76.875,4.96,82.625,2.84,22.5,21.0,4.65,33.875,1998-05-26 00:00:00,A939ECC7-FDBE-5F71-AF12-B480EFB5FFEB,Chicago Bears,CHI,2022,6,7,186,Carlsbad,CA,US,3,CASS,San Diego State Aztecs,Mountain West Conference
330521,Jack,Plummer,Jack,215.0,9.5,1.97,1.68,116.0,7.06,76.375,4.75,78.375,2.78,33.0,,4.4,32.625,1999-10-21 00:00:00,B0AFC250-BC45-565B-AB31-C09E2D5209E8,Carolina Panthers,CAR,2024,,,,Gilbert,AZ,US,3,KYLO,Louisville Cardinals,Atlantic Coast Conference
349011,Tonka,Hemingway,Tonka,282.0,9.0,2.15,1.65,112.0,7.36,74.875,5.02,80.25,2.87,32.0,,4.48,33.375,2001-10-31 00:00:00,BB3667CC-9AC6-5170-9572-2B840882FACD,Las Vegas Raiders,LV,2025,4,33,135,Conway,SC,US,4,SCUN,South Carolina Gamecocks,Southeastern Conference
351261,Joshua,Gray,Joshua,300.0,9.5,,1.73,104.0,7.57,76.25,5.04,78.75,,31.0,18.0,4.65,32.125,2000-03-13 00:00:00,05B24043-BB4C-50E7-88F6-F2E43146B5A2,Atlanta Falcons,ATL,2025,,,,Rancho Cucamonga,CA,US,3,ORST,Oregon State Beavers,Pacific Twelve Conference
385329,Deionte,Knight,Deionte,,,,,,,,,,,,,,,,,,,2022,,,,,,,,,,
373841,Gareth,Warren,Gareth,328.0,9.625,2.2699997,1.81,110.0,8.09,77.5,5.22,79.0,2.95,30.0,19.0,4.83,33.625,2003-08-05 00:00:00,995A2DD0-93BD-5651-A60D-6708B62B17B3,Pittsburgh Steelers,PIT,2025,,,,Kailua Kona,HI,US,,MOLW,Lindenwood Lions,Big South - Ohio Valley Conference
351079,Payton,Thorne,Payton,207.0,9.25,2.0099998,1.67,117.0,7.2,73.625,4.7,77.0,2.69,31.0,,4.25,31.0,2001-01-26 00:00:00,D6EE26D1-1C8A-5599-A3BD-1537E7DE85BC,Cincinnati Bengals,CIN,2025,,,,Naperville,IL,US,3,ALAU,Auburn Tigers,Southeastern Conference
355296,Elijah,Ponder,Elijah,257.0,10.25,,,,,74.5,,79.125,,,,,32.5,2002-08-24 00:00:00,CB8FB75C-0A4C-5080-8580-9B2D46E98591,New England Patriots,NE,2025,,,,Pomona,CA,US,,CASL,Cal Poly Mustangs,Big Sky Conference
283344,Myron,Cunningham,Myron,322.0,10.5,2.2900002,1.84,98.0,8.5,77.625,5.38,81.75,3.09,29.5,26.0,5.16,34.25,1997-10-21 00:00:00,E871178D-CA00-52FF-9E93-E3F7A8A9BC9F,Houston Texans,HST,2022,,,,Warren,OH,US,,ARUN,Arkansas Razorbacks,Southeastern Conference
325401,Nolan,Cockrill,Nolan,278.0,9.375,2.2899997,1.7,104.0,7.46,74.875,5.18,76.125,2.89,27.0,32.0,4.71,31.75,,,,,,,,,Centreville,VA,US,,NYWP,Army Black Knights,American Athletic Conference
281160,Markaviest,Bryant,Big Kat,254.0,10.375,1.9599998,1.67,110.0,8.13,76.0,4.89,82.0,2.93,31.0,23.0,4.99,34.125,1999-01-04 00:00:00,1AFBDD15-D429-5BCB-A55B-AF7199345DA5,Dallas Cowboys,DAL,2022,,,,Cordele,GA,US,4,FLCE,UCF Knights,Big Twelve Conference
194670,Jack,Jones,Jack,177.0,8.875,1.8899999,1.52,124.0,6.9,71.75,4.52,74.0,2.63,35.0,11.0,4.13,31.25,1997-12-20 00:00:00,CB8FB75C-0A4C-5080-8580-9B2D46E98591,New England Patriots,NE,2022,4,16,121,Long Beach,CA,US,,AZST,Arizona State Sun Devils,Big Twelve Conference
304761,Alec,Lindstrom,Alec,296.0,9.25,2.1999998,1.74,111.0,7.5,75.375,5.18,76.0,2.98,29.0,25.0,4.66,32.625,1998-07-07 00:00:00,1AFBDD15-D429-5BCB-A55B-AF7199345DA5,Dallas Cowboys,DAL,2022,,,,Dudley,MA,US,3,MABC,Boston College Eagles,Atlantic Coast Conference
351300,Chaddrian,West,C.J.,316.0,10.0,,1.73,,,73.25,4.95,79.125,,33.0,28.0,,31.875,2002-06-12 00:00:00,88397334-0092-5B55-8CE1-2BD467E0EDF8,San Francisco 49ers,SF,2025,4,11,113,Chicago,IL,US,3,INUN,Indiana Hoosiers,Big Ten Conference
326564,Mason,Fairchild,Mason,249.0,9.75,2.1000001,1.77,116.0,7.19,76.0,4.9,77.0,2.8,31.5,27.0,4.46,31.125,2001-08-30 00:00:00,361E23BB-82F8-554D-B60D-24AC2D7679C3,New Orleans Saints,NO,2024,,,,Andale,KS,US,3,KSUN,Kansas Jayhawks,Big Twelve Conference
340182,Timothy,McKay,Timothy,311.0,10.125,,,,,75.875,,80.0,,30.5,16.0,,34.125,2002-01-15 00:00:00,E3003A6C-2896-5B55-9EDE-2D9A2B16DCA2,Washington Commanders,WAS,2025,,,,Raleigh,NC,US,3,NCST,NC State Wolfpack,Atlantic Coast Conference
332504,Austin,Reed,Austin,221.0,9.875,2.0100002,1.69,,,73.5,4.82,72.875,2.81,,,,30.625,2000-02-22 00:00:00,A939ECC7-FDBE-5F71-AF12-B480EFB5FFEB,Chicago Bears,CHI,2024,,,,St. Augustine Beach,FL,US,,FLWS,University of West Florida Argonauts,Gulf South Conference
279792,Trestan,Ebner,Trestan,209.0,8.5,1.8399999,1.53,115.0,7.16,70.75,4.43,72.375,2.59,30.0,13.0,4.53,30.125,1999-01-02 00:00:00,A939ECC7-FDBE-5F71-AF12-B480EFB5FFEB,Chicago Bears,CHI,2022,6,25,203,Henderson,TX,US,4,TXBA,Baylor Bears,Big Twelve Conference
282480,Ja'Sir,Taylor,Ja'Sir,188.0,8.625,1.8999999,1.54,125.0,6.84,71.0,4.47,74.375,2.57,37.0,12.0,4.25,30.875,1999-01-08 00:00:00,DD0C9C81-33C9-5CC9-BEE2-7C26A6327F6C,Los Angeles Chargers,LAC,2022,6,36,215,Asbury Park,NJ,US,3,NCWF,Wake Forest Demon Deacons,Atlantic Coast Conference
300840,Leddie,Brown,Leddie,215.0,10.0,1.9699998,1.56,118.0,7.03,71.625,4.64,76.375,2.67,36.5,18.0,4.21,31.625,1999-02-28 00:00:00,DD0C9C81-33C9-5CC9-BEE2-7C26A6327F6C,Los Angeles Chargers,LAC,2022,,,,Philadelphia,PA,US,3,WVUN,West Virginia Mountaineers,Big Twelve Conference
361710,Trey,Wedig,Trey,313.0,10.0,2.26,1.71,107.0,7.9,78.625,5.21,82.625,2.95,31.0,17.0,4.9,33.5,2002-01-10 00:00:00,252E01FC-2471-563E-AA87-4876E74FBF06,Los Angeles Rams,LA,2025,,,,Oconomowoc,WI,US,4,INUN,Indiana Hoosiers,Big Ten Conference
339883,Isaac,Rex,Isaac,247.0,9.75,2.1000001,1.75,,7.35,77.375,4.94,78.25,2.84,27.0,24.0,5.0,32.0,1998-08-04 00:00:00,9BBD6453-9703-5015-8A11-1A607B8805BD,Detroit Lions,DET,2024,,,,San Clemente,CA,US,3,UTBY,BYU Cougars,Big Twelve Conference
305925,Darien,Butler,Darien,226.0,9.375,,,,7.47,70.375,,74.25,,,19.0,,30.125,2000-02-29 00:00:00,BB3667CC-9AC6-5170-9572-2B840882FACD,Las Vegas Raiders,LV,2022,,,,Harbor City,CA,US,3,AZST,Arizona State Sun Devils,Big Twelve Conference
305898,Trajan,Jeffcoat,Trajan,267.0,10.0,1.9300001,1.66,120.0,7.38,76.0,4.69,79.125,2.76,31.5,21.0,4.52,32.875,1999-10-07 00:00:00,361E23BB-82F8-554D-B60D-24AC2D7679C3,New Orleans Saints,NO,2024,,,,Columbia,SC,US,3,ARUN,Arkansas Razorbacks,Southeastern Conference
305056,Chance,Campbell,Chance,232.0,11.0,1.94,1.55,127.0,7.19,74.375,4.57,74.125,2.63,39.5,,4.25,31.25,1999-10-08 00:00:00,B4A5EBDF-C1AB-5046-9985-A69F83A44ACE,Tennessee Titans,TEN,2022,6,41,219,Ellicott City,MD,US,3,MSUN,Ole Miss Rebels,Southeastern Conference
305878,Tyquan,Thornton,Tyquan,183.0,8.25,1.8200002,1.41,131.0,7.25,74.375,4.28,79.375,2.46,38.5,,4.39,33.375,2000-08-07 00:00:00,CB8FB75C-0A4C-5080-8580-9B2D46E98591,New England Patriots,NE,2022,2,18,50,Miami,FL,US,4,TXBA,Baylor Bears,Big Twelve Conference
336893,Anim,Dankwah,Anim,349.0,10.0,2.19,1.89,86.0,8.46,79.5,5.44,86.25,3.25,27.5,24.0,5.21,35.0,2000-10-19 00:00:00,EB0BEB8F-2A1E-51E2-9AB2-793F72994559,Philadelphia Eagles,PHI,2024,,,,Brampton,ON,CA,,DCHO,Howard Bison,Mid-Eastern Athletic Conference
349098,Michael,Smith,Mike,209.0,9.375,1.8700001,1.64,121.0,7.2,73.125,4.53,77.25,2.66,38.0,15.0,4.3,32.0,2002-02-05 00:00:00,1AFBDD15-D429-5BCB-A55B-AF7199345DA5,Dallas Cowboys,DAL,2025,,,,Jacksonville,FL,US,3,KYEA,Eastern Kentucky Colonels,United Athletic Conference
281642,Ryan,Stonehouse,Ryan,193.0,9.5,,,,,69.5,,72.75,,,,,30.0,1999-05-11 00:00:00,B4A5EBDF-C1AB-5046-9985-A69F83A44ACE,Tennessee Titans,TEN,2022,,,,La Verne,CA,US,3,COST,Colorado State Rams,Mountain West Conference
305682,Kyle,Philips,Kyle,181.0,8.625,2.01,1.49,124.0,6.75,71.25,4.58,72.125,2.57,33.5,,4.09,29.625,1999-06-17 00:00:00,B4A5EBDF-C1AB-5046-9985-A69F83A44ACE,Tennessee Titans,TEN,2022,5,20,163,San Marcos,CA,US,4,CALA,UCLA Bruins,Big Ten Conference
280574,Derrick,Tangelo,Derrick,296.0,,2.11,1.7,113.0,,73.875,4.89,,2.78,31.0,21.0,4.87,,1999-05-14 00:00:00,05B24043-BB4C-50E7-88F6-F2E43146B5A2,Atlanta Falcons,ATL,2022,,,,Gaithersburg,MD,US,3,PAST,Penn State Nittany Lions,Big Ten Conference
324822,Matthew,Hayball,Matthew,,,,,,,,,,,,,,,1997-03-12 00:00:00,361E23BB-82F8-554D-B60D-24AC2D7679C3,New Orleans Saints,NO,2024,,,,West Adelaide,,AU,,TNVA,Vanderbilt Commodores,Southeastern Conference
316832,X'Zauvea,Gadlin,X'Zauvea,326.0,10.375,2.3,1.9,96.0,7.74,75.75,5.5,81.5,3.2,24.0,25.0,4.69,32.625,1999-09-17 00:00:00,B4A5EBDF-C1AB-5046-9985-A69F83A44ACE,Tennessee Titans,TEN,2024,,,,Grand Prairie,TX,US,3,VALB,Liberty Flames,Conference USA
308045,Charleston,Rambo,Charleston,177.0,9.75,1.9099998,1.63,118.0,7.09,72.625,4.56,76.5,2.65,33.5,,4.21,32.0,1999-08-10 00:00:00,B0AFC250-BC45-565B-AB31-C09E2D5209E8,Carolina Panthers,CAR,2022,,,,Cedar Hill,TX,US,4,FLMI,Miami Hurricanes,Atlantic Coast Conference
356720,Jalen,Coker,Jalen,210.0,9.875,1.9000001,1.6,128.0,,73.3,4.57,76.75,2.67,42.5,12.0,,32.875,2001-10-30 00:00:00,B0AFC250-BC45-565B-AB31-C09E2D5209E8,Carolina Panthers,CAR,2024,,,,Sterling,VA,US,,MAHC,Holy Cross Crusaders,Patriot League
386094,Jordan,Phillips,Jordan,313.0,10.0,,,108.0,7.65,73.625,,81.25,,31.0,29.0,4.65,32.0,2004-06-30 00:00:00,4857A921-F6C9-5357-8527-F8589332184B,Miami Dolphins,MIA,2025,5,5,143,Ocoee,FL,US,3,MDUN,Maryland Terrapins,Big Ten Conference
348081,Ben,Sauls,Ben,186.0,9.5,,,,,69.75,,71.25,,,,,29.125,2001-07-31 00:00:00,995A2DD0-93BD-5651-A60D-6708B62B17B3,Pittsburgh Steelers,PIT,2025,,,,Tipp City,OH,US,3,PAPT,Pittsburgh Panthers,Atlantic Coast Conference
281256,Skylar,Thompson,Skylar,217.0,8.625,2.1399999,1.62,112.0,7.0,73.875,4.91,74.875,2.77,31.0,,4.28,31.0,1997-06-04 00:00:00,4857A921-F6C9-5357-8527-F8589332184B,Miami Dolphins,MIA,2022,7,26,247,Independence,MO,US,4,KSST,Kansas State Wildcats,Big Twelve Conference
325311,Karsen,Barnhart,Karsen,306.0,9.75,2.24,1.75,111.0,7.52,76.375,5.21,81.375,2.97,30.0,22.0,4.62,33.625,2001-03-02 00:00:00,DD0C9C81-33C9-5CC9-BEE2-7C26A6327F6C,Los Angeles Chargers,LAC,2024,,,,Paw Paw,MI,US,4,MIUN,Michigan Wolverines,Big Ten Conference
372061,Carter,Runyon,Carter,243.0,10.0,1.8700001,1.69,123.0,7.2,76.625,4.63,81.375,2.76,36.5,22.0,4.3,32.875,2001-07-23 00:00:00,BB3667CC-9AC6-5170-9572-2B840882FACD,Las Vegas Raiders,LV,2025,,,,Fairfax,VA,US,,MDTO,Towson Tigers,Colonial Athletic Association
325312,Matt,Jones,Matt,230.0,9.75,,,,,74.5,,76.5,,,,,32.375,2000-09-09 00:00:00,BB3667CC-9AC6-5170-9572-2B840882FACD,Las Vegas Raiders,LV,2025,,,,Odessa,TX,US,3,TXBA,Baylor Bears,Big Twelve Conference
348606,Davontavean,Martin,Tay,184.0,,1.9300001,1.54,117.0,,73.5,4.57,,2.64,36.0,,,,1997-12-14 00:00:00,88397334-0092-5B55-8CE1-2BD467E0EDF8,San Francisco 49ers,SF,2022,,,,Houma,LA,US,3,OKST,Oklahoma State Cowboys,Big Twelve Conference
304899,George,Moore,George,312.0,10.625,2.23,1.85,98.0,7.6,77.75,5.25,81.125,3.02,24.0,26.0,4.81,33.875,1996-07-31 00:00:00,63D59843-D136-5F8B-9C55-DE09A20AB321,Green Bay Packers,GB,2022,,,,Antioch,CA,US,,ORUN,Oregon Ducks,Big Ten Conference
349227,Harrison,Mevis,Harrison,241.0,8.875,,,,,71.875,,74.375,,,,,30.75,2002-03-27 00:00:00,B0AFC250-BC45-565B-AB31-C09E2D5209E8,Carolina Panthers,CAR,2024,,,,Warsaw,IN,US,,MOUN,Missouri Tigers,Southeastern Conference
305339,Xavier,Thomas,Xavier,253.0,9.25,1.8699999,1.55,120.0,,74.25,4.56,78.75,2.69,32.5,26.0,,32.5,1999-12-20 00:00:00,29BC477A-E5B7-57DD-B73C-AD9783E85B3C,Arizona Cardinals,ARZ,2024,5,3,139,Florence,SC,US,5,SCCL,Clemson Tigers,Atlantic Coast Conference
330865,Jason,Johnson,Jason,228.0,8.75,1.98,1.62,112.0,7.38,72.5,4.65,75.125,2.67,29.0,18.0,4.51,31.125,2001-06-01 00:00:00,1AFBDD15-D429-5BCB-A55B-AF7199345DA5,Dallas Cowboys,DAL,2024,,,,Chicago,IL,US,3,FLCE,UCF Knights,Big Twelve Conference
360413,Tejhaun,Palmer,Tejhaun,210.0,9.875,1.8599999,1.54,122.0,,73.75,4.45,78.0,2.59,35.0,19.0,,33.75,2000-05-19 00:00:00,29BC477A-E5B7-57DD-B73C-AD9783E85B3C,Arizona Cardinals,ARZ,2024,6,15,191,Milwaukee,WI,US,,ALBI,UAB Blazers,American Athletic Conference
325325,Cornelius,Johnson,Cornelius,212.0,8.75,1.8400002,1.52,127.0,6.93,74.625,4.44,77.25,2.6,37.5,13.0,4.37,31.875,2000-11-29 00:00:00,DD0C9C81-33C9-5CC9-BEE2-7C26A6327F6C,Los Angeles Chargers,LAC,2024,7,33,253,Greenwich,CT,US,4,MIUN,Michigan Wolverines,Big Ten Conference
300785,Jermaine,Waller,Jermaine,180.0,9.0,1.9899998,1.59,122.0,6.97,72.375,4.68,73.75,2.69,35.0,14.0,4.37,31.125,1999-11-03 00:00:00,9BBD6453-9703-5015-8A11-1A607B8805BD,Detroit Lions,DET,2022,,,,Washington,DC,US,3,VAPI,Virginia Tech Hokies,Atlantic Coast Conference
317168,Blake,Watson,Blake,200.0,8.75,1.9300001,1.55,135.0,7.13,69.5,4.4,71.875,2.47,31.5,,4.32,29.625,1999-10-14 00:00:00,30A0F7E1-9843-5EDD-8CF1-C60918B7F861,Denver Broncos,DEN,2024,,,,Queens,NY,US,3,TNMS,Memphis Tigers,American Athletic Conference
317480,Jadon,Janke,Jadon,212.0,9.0,1.8200002,1.53,122.0,7.15,74.125,4.53,73.875,2.71,33.0,18.0,4.4,30.375,1999-11-10 00:00:00,E871178D-CA00-52FF-9E93-E3F7A8A9BC9F,Houston Texans,HST,2024,,,,Madison,SD,US,,SDST,South Dakota State Jackrabbits,Missouri Valley Football Conference
300890,Matt,Henningsen,Matt,289.0,9.375,,1.75,119.0,7.02,75.375,,82.125,,37.5,22.0,4.07,33.125,1999-07-09 00:00:00,30A0F7E1-9843-5EDD-8CF1-C60918B7F861,Denver Broncos,DEN,2022,6,28,206,Menomonee Falls,WI,US,,WIUN,Wisconsin Badgers,Big Ten Conference
350636,Tip,Reiman,Tip,271.0,10.5,1.9499998,1.61,121.0,7.02,76.875,4.64,79.5,2.69,33.5,28.0,4.26,32.875,2001-09-17 00:00:00,29BC477A-E5B7-57DD-B73C-AD9783E85B3C,Arizona Cardinals,ARZ,2024,3,18,82,Rapid City,SD,US,,ILUN,Illinois Fighting Illini,Big Ten Conference
300415,Ross,Reiter,Ross,237.0,9.375,2.3899999,1.74,106.0,7.56,70.625,5.33,72.5,2.94,28.5,25.0,4.7,29.625,1999-12-14 00:00:00,CB8FB75C-0A4C-5080-8580-9B2D46E98591,New England Patriots,NE,2022,,,,Phoenix,AZ,US,,COST,Colorado State Rams,Mountain West Conference
328257,C.J.,Hanson,C.J.,306.0,9.5,2.09,1.76,115.0,7.9,77.0,5.0,78.5,2.91,33.5,25.0,4.71,32.625,2001-03-03 00:00:00,3BAABDB4-8C73-58F8-8E87-8DB435AEFB16,Kansas City Chiefs,KC,2024,7,28,249,Wyckoff,NJ,US,,MAHC,Holy Cross Crusaders,Patriot League
325463,Walter,Rouse,Walter,314.0,10.0,2.31,1.84,110.0,7.89,77.875,5.25,84.0,2.94,33.0,,4.83,35.125,2001-03-09 00:00:00,2315DA89-83D2-5174-B6A7-1E81D98032A2,Minnesota Vikings,MIN,2024,6,1,178,Silver Spring,MD,US,3,OKUN,Oklahoma Sooners,Southeastern Conference
361951,Jackson,Meeks,Jackson,213.0,9.625,1.9199998,1.62,120.0,6.79,73.875,4.64,76.75,2.72,34.5,15.0,4.25,32.0,2003-03-24 00:00:00,9BBD6453-9703-5015-8A11-1A607B8805BD,Detroit Lions,DET,2025,,,,Phenix City,AL,US,3,NYSY,Syracuse Orange,Atlantic Coast Conference
324892,Damarion,Williams,Damarion,183.0,8.75,1.9400003,1.53,111.0,7.03,70.0,4.53,73.0,2.59,34.5,17.0,4.14,29.625,1998-07-15 00:00:00,A2C18DC9-2B95-595A-91C1-C07D8BF10FFC,Baltimore Ravens,BLT,2022,4,36,141,Miami,FL,US,,TXHO,Houston Cougars,Big Twelve Conference
361664,Ja'Corey,Brooks,Ja'Corey,188.0,9.25,2.18,1.56,116.0,7.18,73.875,4.65,76.625,2.47,30.0,12.0,4.35,31.875,2001-10-31 00:00:00,E3003A6C-2896-5B55-9EDE-2D9A2B16DCA2,Washington Commanders,WAS,2025,,,,Bradenton,FL,US,5,KYLO,Louisville Cardinals,Atlantic Coast Conference
347731,Dalton,Cooper,Dalton,326.0,9.75,2.0699997,1.78,108.0,7.9,77.5,4.99,80.75,2.92,28.0,26.0,4.64,33.5,2001-03-15 00:00:00,3BAABDB4-8C73-58F8-8E87-8DB435AEFB16,Kansas City Chiefs,KC,2025,,,,Prague,OK,US,3,OKST,Oklahoma State Cowboys,Big Twelve Conference
305122,Obinna,Eze,Obinna,328.0,9.875,2.21,1.78,104.0,8.01,78.5,5.29,86.375,3.08,27.5,18.0,5.0,36.125,1998-06-12 00:00:00,9BBD6453-9703-5015-8A11-1A607B8805BD,Detroit Lions,DET,2022,,,,Nashville,TN,US,4,TXCU,TCU Horned Frogs,Big Twelve Conference
278802,Tanner,Conner,Tanner,226.0,9.5,1.9000001,1.61,127.0,7.15,75.0,4.5,77.25,2.6,39.0,19.0,4.41,31.875,1998-03-20 00:00:00,4857A921-F6C9-5357-8527-F8589332184B,Miami Dolphins,MIA,2022,,,,Kent,WA,US,,IDST,Idaho State Bengals,Big Sky Conference
362581,Greg,Penn,Greg,226.0,8.875,2.0000002,1.65,112.0,7.28,72.75,4.82,75.125,2.82,32.5,21.0,4.47,30.875,2001-11-06,,,,,,,,Baltimore,MD,US,4,LAST,LSU Tigers,Southeastern Conference
361758,Cameron,Little,Cam,172.0,9.25,,,,,73.2,,73.6,,,,,30.5,2003-08-17 00:00:00,B0D7698E-EDF7-5AFE-98FE-85827218ADB9,Jacksonville Jaguars,JAX,2024,6,36,212,Moore,OK,US,,ARUN,Arkansas Razorbacks,Southeastern Conference
281884,Nate,Landman,Nate,234.0,9.125,2.0600002,1.64,119.0,6.88,74.5,4.86,76.625,2.8,36.5,20.0,4.32,30.75,1998-11-19 00:00:00,05B24043-BB4C-50E7-88F6-F2E43146B5A2,Atlanta Falcons,ATL,2022,,,,Danville,CA,US,3,COUN,Colorado Buffaloes,Big Twelve Conference
279337,Craig,Yeast,Russ,192.0,9.0,1.9099998,1.59,119.0,6.82,70.0,4.58,79.125,2.67,37.5,18.0,4.35,31.75,1999-05-08 00:00:00,252E01FC-2471-563E-AA87-4876E74FBF06,Los Angeles Rams,LA,2022,7,32,253,Danville,KY,US,4,KSST,Kansas State Wildcats,Big Twelve Conference
282649,Qwynnterrio,Cole,Qwynnterrio,203.0,11.0,2.0200002,1.69,120.0,6.92,72.5,4.78,74.875,2.76,35.5,16.0,4.2,32.25,1999-05-27 00:00:00,BB3667CC-9AC6-5170-9572-2B840882FACD,Las Vegas Raiders,LV,2022,,,,Memphis,TN,US,,KYLO,Louisville Cardinals,Atlantic Coast Conference
361650,Andres,Borregales,Andy,202.0,8.25,,,,,71.125,,71.5,,,,,29.5,2003-01-02 00:00:00,CB8FB75C-0A4C-5080-8580-9B2D46E98591,New England Patriots,NE,2025,6,6,182,Miami,FL,US,3,FLMI,Miami Hurricanes,Atlantic Coast Conference
312167,Khristian,Boyd,Khristian,325.0,9.5,,,98.0,8.1,74.625,,77.125,,28.5,38.0,4.91,31.625,2000-02-23 00:00:00,361E23BB-82F8-554D-B60D-24AC2D7679C3,New Orleans Saints,NO,2024,6,23,200,Kansas City,MO,US,3,IANO,Northern Iowa Panthers,Missouri Valley Football Conference
349838,Marques,Sigle,Marques,202.0,9.625,,1.5,130.0,,71.0,4.37,73.75,,38.0,18.0,,30.875,2002-07-18 00:00:00,88397334-0092-5B55-8CE1-2BD467E0EDF8,San Francisco 49ers,SF,2025,5,24,162,Omaha,NE,US,,KSST,Kansas State Wildcats,Big Twelve Conference
349308,Tyler,Batty,Tyler,265.0,9.5,,1.69,120.0,7.21,77.25,4.78,79.125,,34.0,27.0,4.54,33.0,1999-05-02 00:00:00,2315DA89-83D2-5174-B6A7-1E81D98032A2,Minnesota Vikings,MIN,2025,,,,Payson,UT,US,3,UTBY,BYU Cougars,Big Twelve Conference
307223,Jordan,Miller,Jordan,304.0,9.75,2.2299998,1.82,108.0,7.82,74.375,5.16,80.5,2.93,28.0,27.0,5.01,33.5,2000-01-20 00:00:00,30A0F7E1-9843-5EDD-8CF1-C60918B7F861,Denver Broncos,DEN,2024,,,,Jacksonville,FL,US,3,TXMU,SMU Mustangs,Atlantic Coast Conference
330335,Malik,Washington,Malik,191.0,9.25,1.8599999,1.57,126.0,6.87,68.4,4.47,73.0,2.61,42.5,19.0,4.26,30.0,2000-10-20 00:00:00,4857A921-F6C9-5357-8527-F8589332184B,Miami Dolphins,MIA,2024,6,8,184,Lawrenceville,GA,US,4,VAUN,Virginia Cavaliers,Atlantic Coast Conference
325913,Jowon,Briggs,Jowon,313.0,9.875,2.1,1.77,104.0,7.53,73.5,5.0,78.75,2.9,26.0,39.0,4.71,31.75,2001-09-01 00:00:00,BECDB626-1B97-5904-9EED-71842375BC39,Cleveland Browns,CLV,2024,7,23,243,Cincinnati,OH,US,4,OHCI,Cincinnati Bearcats,Big Twelve Conference
304799,Brandon,Sebastian,Brandon,182.0,8.5,1.9199998,1.62,124.0,7.12,72.125,4.6,75.75,2.68,35.0,10.0,4.37,31.75,1999-03-05 00:00:00,DD0C9C81-33C9-5CC9-BEE2-7C26A6327F6C,Los Angeles Chargers,LAC,2022,,,,West Haven,CT,US,3,MABC,Boston College Eagles,Atlantic Coast Conference
259707,Jean,Delance,Jean,303.0,10.125,2.24,1.78,109.0,,76.25,5.23,86.5,2.99,28.5,21.0,4.62,36.5,1998-01-14 00:00:00,A939ECC7-FDBE-5F71-AF12-B480EFB5FFEB,Chicago Bears,CHI,2022,,,,Mesquite,TX,US,4,FLUN,Florida Gators,Southeastern Conference
367815,Corey,Kiner,Corey,208.0,7.75,,,,,68.75,4.57,75.875,,,19.0,4.44,30.375,2002-01-21 00:00:00,88397334-0092-5B55-8CE1-2BD467E0EDF8,San Francisco 49ers,SF,2025,,,,Cincinnati,OH,US,4,OHCI,Cincinnati Bearcats,Big Twelve Conference
328191,Jamree,Kromah,Jamree,274.0,9.75,2.02,1.6,120.0,7.34,75.5,4.77,81.0,2.75,31.0,,4.63,34.5,2000-06-14 00:00:00,A939ECC7-FDBE-5F71-AF12-B480EFB5FFEB,Chicago Bears,CHI,2024,,,,Glenarden,MD,US,3,VAJM,James Madison Dukes,Sun Belt Conference
316873,Garret,Greenfield,Garret,313.0,10.0,2.2399998,1.76,113.0,7.76,77.75,5.22,84.0,2.98,38.5,,4.85,34.125,1999-09-20 00:00:00,BC17557B-B749-58B5-9404-8682A796A9D2,Seattle Seahawks,SEA,2024,,,,Rock Valley,IA,US,,SDST,South Dakota State Jackrabbits,Missouri Valley Football Conference
350805,Nohl,Williams,Nohl,200.0,9.125,,1.54,120.0,6.97,72.25,4.5,74.875,,33.5,19.0,4.25,31.25,2002-09-23 00:00:00,3BAABDB4-8C73-58F8-8E87-8DB435AEFB16,Kansas City Chiefs,KC,2025,3,21,85,Oxnard,CA,US,3,CAUN,California Golden Bears,Atlantic Coast Conference
330695,Isas,Waxter,Isas,205.0,9.5,1.94,1.53,125.0,7.0,73.375,4.5,78.25,2.56,35.0,,4.18,31.875,2001-09-17 00:00:00,BC17557B-B749-58B5-9404-8682A796A9D2,Seattle Seahawks,SEA,2025,,,,Newark,NJ,US,,PAVI,Villanova Wildcats,Colonial Athletic Association
350674,Antwuan,Powell-Ryland,Antwaun,264.0,9.0,,1.64,124.0,,74.375,4.69,76.625,,38.0,,,31.5,2002-02-23 00:00:00,EB0BEB8F-2A1E-51E2-9AB2-793F72994559,Philadelphia Eagles,PHI,2025,6,33,211,Portsmouth,VA,US,4,VAPI,Virginia Tech Hokies,Atlantic Coast Conference
325952,Jaylen,Key,Jaylen,206.0,9.625,1.8899999,1.5,130.0,7.2,72.875,4.6,78.125,2.71,32.0,,4.09,32.375,2000-02-29 00:00:00,84F58345-4A56-5C30-92B4-7365AC46B68F,New York Jets,NYJ,2024,7,37,257,Quincy,FL,US,3,ALUN,Alabama Crimson Tide,Southeastern Conference
325538,Joshua,Cephus,Joshua,193.0,9.125,1.9399998,1.52,122.0,7.12,74.125,4.58,76.0,2.64,32.5,,4.37,31.625,2001-03-05 00:00:00,B0D7698E-EDF7-5AFE-98FE-85827218ADB9,Jacksonville Jaguars,JAX,2024,,,,Houston,TX,US,,TXSN,UTSA Roadrunners,American Athletic Conference
325515,Taulia,Tagovailoa,Taulia,185.0,9.5,,,,,70.75,,74.125,,,,,30.75,2000-02-26,,,,,,,,Ewa Beach,HI,US,4,MDUN,Maryland Terrapins,Big Ten Conference
280246,Nephi,Sewell,Nephi,224.0,8.5,1.98,1.59,120.0,7.01,71.5,4.67,71.0,2.69,32.0,24.0,4.33,29.5,1998-12-19 00:00:00,361E23BB-82F8-554D-B60D-24AC2D7679C3,New Orleans Saints,NO,2022,,,,St. George,UT,US,,UTUN,Utah Utes,Big Twelve Conference
351068,Luke,Lachey,Luke,250.0,10.0,2.04,1.69,120.0,7.18,76.625,4.85,79.25,2.81,35.0,,4.33,32.5,2001-06-29 00:00:00,E871178D-CA00-52FF-9E93-E3F7A8A9BC9F,Houston Texans,HST,2025,7,39,255,Columbus,OH,US,3,IAUN,Iowa Hawkeyes,Big Ten Conference
305411,Stanley,Berryhill,Stanley,182.0,8.25,1.8900001,1.54,122.0,7.25,69.25,4.46,72.0,2.57,37.0,14.0,4.41,30.25,1998-06-09 00:00:00,05B24043-BB4C-50E7-88F6-F2E43146B5A2,Atlanta Falcons,ATL,2022,,,,Tucson,AZ,US,,AZUN,Arizona Wildcats,Big Twelve Conference
300724,Keaontay,Ingram,Keaontay,220.0,8.875,1.9100003,1.53,122.0,7.19,71.625,4.53,76.0,2.62,33.0,23.0,4.44,31.375,1999-10-26 00:00:00,29BC477A-E5B7-57DD-B73C-AD9783E85B3C,Arizona Cardinals,ARZ,2022,6,23,201,Carthage,TX,US,4,CASC,USC Trojans,Big Ten Conference
305518,Carson,Wells,Carson,241.0,9.5,1.8399999,1.62,117.0,7.11,74.75,4.56,79.5,2.72,35.0,16.0,4.51,32.625,1999-02-20 00:00:00,D6EE26D1-1C8A-5599-A3BD-1537E7DE85BC,Cincinnati Bengals,CIN,2022,,,,Bushnell,FL,US,3,COUN,Colorado Buffaloes,Big Twelve Conference
350669,Jakob,Robinson,Jakob,181.0,9.0,1.8499999,1.55,125.0,7.01,70.25,4.39,74.75,2.54,38.5,,4.38,30.25,2000-10-04 00:00:00,88397334-0092-5B55-8CE1-2BD467E0EDF8,San Francisco 49ers,SF,2025,,,,Orem,UT,US,3,UTBY,BYU Cougars,Big Twelve Conference
368279,Joe,Huber,Joe,303.0,9.5,,1.8,106.0,7.69,77.0,5.2,79.125,,28.0,26.0,4.79,32.5,2002-05-02 00:00:00,2315DA89-83D2-5174-B6A7-1E81D98032A2,Minnesota Vikings,MIN,2025,,,,Dublin,OH,US,,WIUN,Wisconsin Badgers,Big Ten Conference
301317,Donovan,Jennings,Donovan,323.0,9.25,2.11,1.77,,7.6,76.125,5.02,81.0,2.91,28.0,28.0,4.7,33.0,1999-11-24 00:00:00,63D59843-D136-5F8B-9C55-DE09A20AB321,Green Bay Packers,GB,2024,,,,Tampa,FL,US,3,FLSO,South Florida Bulls,American Athletic Conference
347705,Frank,Gore,Frank,198.0,8.625,2.03,1.64,111.0,,68.0,4.69,70.75,2.66,29.0,18.0,,29.0,2002-03-13 00:00:00,645FDDD1-DF20-5323-93E4-C7C176BAA507,Buffalo Bills,BUF,2024,,,,Miami,FL,US,3,MSSO,Southern Miss Golden Eagles,Sun Belt Conference
361898,Roterius,Torrence,Ro,206.0,8.5,2.0,1.66,109.0,7.41,75.125,4.69,81.0,2.69,32.5,12.0,4.61,33.5,2001-04-01 00:00:00,BC17557B-B749-58B5-9404-8682A796A9D2,Seattle Seahawks,SEA,2024,,,,Bessemer,AL,US,,AZST,Arizona State Sun Devils,Big Twelve Conference
304739,Tyrese,Robinson,Tyrese,319.0,9.625,2.2099998,1.88,100.0,8.18,75.125,5.16,78.75,2.95,22.5,,5.09,33.125,2000-01-01 00:00:00,E3003A6C-2896-5B55-9EDE-2D9A2B16DCA2,Washington Commanders,WAS,2022,,,,McKinney,TX,US,4,OKUN,Oklahoma Sooners,Southeastern Conference
360150,Francisco,Mauigoa,Francisco,234.0,10.125,,1.56,121.0,7.15,74.125,4.6,76.75,,37.0,21.0,4.24,31.75,2003-03-17 00:00:00,84F58345-4A56-5C30-92B4-7365AC46B68F,New York Jets,NYJ,2025,5,26,164,Iliili,,AS,3,FLMI,Miami Hurricanes,Atlantic Coast Conference
305707,Dallas,Gant,Dallas,228.0,10.0,1.9899998,1.63,126.0,7.43,74.5,4.68,80.625,2.69,35.0,17.0,4.5,33.25,2000-05-16 00:00:00,2315DA89-83D2-5174-B6A7-1E81D98032A2,Minnesota Vikings,MIN,2024,,,,Toledo,OH,US,4,OHTO,Toledo Rockets,Mid-American Conference
271750,Kellen,Diesch,Kellen,303.0,9.375,2.04,1.68,110.0,7.77,79.125,4.89,79.375,2.85,32.5,25.0,4.43,32.375,1997-08-23 00:00:00,4857A921-F6C9-5357-8527-F8589332184B,Miami Dolphins,MIA,2022,,,,Trophy Club,TX,US,4,AZST,Arizona State Sun Devils,Big Twelve Conference
287519,Sam,Webb,Sam,201.0,9.25,1.9100003,1.58,136.0,6.94,72.5,4.53,78.5,2.62,42.5,14.0,4.18,32.125,1998-05-19 00:00:00,BB3667CC-9AC6-5170-9572-2B840882FACD,Las Vegas Raiders,LV,2022,,,,Excelsior Springs,MO,US,,MOWE,Missouri Western Griffons,Mid-America Intercollegiate Athletic Association
349235,Rivaldo,Fairweather,Rivaldo,242.0,9.625,2.0099998,1.63,110.0,7.1,75.375,4.72,83.625,2.71,30.0,17.0,4.4,34.25,2002-07-19 00:00:00,1AFBDD15-D429-5BCB-A55B-AF7199345DA5,Dallas Cowboys,DAL,2025,,,,Lauderhill,FL,US,3,ALAU,Auburn Tigers,Southeastern Conference
349877,Justin,Rogers,Justin,322.0,9.75,2.4700003,1.86,101.0,8.17,74.75,5.53,79.25,3.06,26.0,21.0,4.87,32.75,2000-09-12 00:00:00,1AFBDD15-D429-5BCB-A55B-AF7199345DA5,Dallas Cowboys,DAL,2024,7,24,244,Detroit,MI,US,4,ALAU,Auburn Tigers,Southeastern Conference
351743,Brady,Cook,Brady,214.0,9.375,,1.53,128.0,7.01,74.0,4.59,78.0,,37.0,,4.17,32.25,2001-10-12 00:00:00,84F58345-4A56-5C30-92B4-7365AC46B68F,New York Jets,NYJ,2025,,,,St. Louis,MO,US,3,MOUN,Missouri Tigers,Southeastern Conference
328197,Khalid,Duke,Khalid,253.0,9.25,1.99,1.69,117.0,7.41,75.5,4.79,77.875,2.8,34.0,21.0,4.6,32.75,2001-02-27 00:00:00,B4A5EBDF-C1AB-5046-9985-A69F83A44ACE,Tennessee Titans,TEN,2024,,,,Atlanta,GA,US,3,KSST,Kansas State Wildcats,Big Twelve Conference
283383,Jeffrey,Gunter,Jeff,256.0,9.25,1.9999998,1.57,122.0,7.21,76.375,4.7,79.875,2.7,35.5,30.0,4.35,33.0,1999-06-01 00:00:00,D6EE26D1-1C8A-5599-A3BD-1537E7DE85BC,Cincinnati Bengals,CIN,2022,7,31,252,Durham,NC,US,,SCCC,Coastal Carolina Chanticleers,Sun Belt Conference
280678,D.Q.,Thomas,D.Q.,226.0,10.0,1.98,1.58,121.0,7.15,73.625,4.67,79.625,2.69,35.0,24.0,4.27,32.75,1998-12-04 00:00:00,84F58345-4A56-5C30-92B4-7365AC46B68F,New York Jets,NYJ,2022,,,,Oxford,MS,US,3,TNMI,Middle Tennessee Blue Raiders,Conference USA
328261,Max,Brosmer,Max,218.0,9.5,2.01,1.7,,,73.75,4.79,75.75,2.78,,,,32.0,2001-03-28 00:00:00,2315DA89-83D2-5174-B6A7-1E81D98032A2,Minnesota Vikings,MIN,2025,,,,Roswell,GA,US,,MNUN,Minnesota Golden Gophers,Big Ten Conference
283055,Luke,Wattenberg,Luke,306.0,9.375,2.2599998,1.72,113.0,7.45,76.0,5.2,82.125,2.94,29.5,,4.57,34.125,1997-09-10 00:00:00,30A0F7E1-9843-5EDD-8CF1-C60918B7F861,Denver Broncos,DEN,2022,5,28,171,Trabuco Canyon,CA,US,4,WAUN,Washington Huskies,Big Ten Conference
195223,D'Eriq,King,D'Eriq,197.0,9.25,1.9499998,1.65,,7.26,68.75,4.6,72.25,2.65,,,,29.25,1997-08-23 00:00:00,CB8FB75C-0A4C-5080-8580-9B2D46E98591,New England Patriots,NE,2022,,,,Manvel,TX,US,4,FLMI,Miami Hurricanes,Atlantic Coast Conference
377127,Aiden,Williams,Aiden,,,,,,,,,,,,,,,2000-08-31 00:00:00,995A2DD0-93BD-5651-A60D-6708B62B17B3,Pittsburgh Steelers,PIT,2025,,,,Anchorage,AK,US,,MNDU,Minnesota Duluth Bulldogs,Northern Sun Intercollegiate Conference
327751,Tahj,Washington,Tahj,174.0,8.5,1.8799999,1.63,123.0,6.84,69.875,4.52,70.375,2.64,34.5,,4.22,29.125,2001-05-16 00:00:00,4857A921-F6C9-5357-8527-F8589332184B,Miami Dolphins,MIA,2024,7,21,241,Marshall,TX,US,3,CASC,USC Trojans,Big Ten Conference
310208,Pierre,Strong,Pierre,207.0,9.25,1.8199999,1.51,119.0,6.95,71.375,4.37,76.5,2.55,38.0,16.0,4.25,31.875,1998-12-10 00:00:00,CB8FB75C-0A4C-5080-8580-9B2D46E98591,New England Patriots,NE,2022,4,22,127,Little Rock,AR,US,,SDST,South Dakota State Jackrabbits,Missouri Valley Football Conference
325034,Tommy,Heatherly,Tommy,205.0,8.625,,,,,71.5,,74.0,,,,,30.5,1998-08-06 00:00:00,4857A921-F6C9-5357-8527-F8589332184B,Miami Dolphins,MIA,2022,,,,Grove,OK,US,,FLIN,Florida International Panthers,Conference USA
310211,Mason,McCormick,Mason,309.0,10.0,2.1899998,1.71,117.0,7.59,76.125,5.08,82.0,2.89,35.5,32.0,4.45,33.75,2000-05-25 00:00:00,995A2DD0-93BD-5651-A60D-6708B62B17B3,Pittsburgh Steelers,PIT,2024,4,19,119,Sioux Falls,SD,US,,SDST,South Dakota State Jackrabbits,Missouri Valley Football Conference
325391,Renardo,Green,Renardo,191.0,8.75,1.8699999,1.57,130.0,,72.0,4.49,74.0,2.62,37.5,,4.28,30.625,2000-11-09 00:00:00,88397334-0092-5B55-8CE1-2BD467E0EDF8,San Francisco 49ers,SF,2024,2,32,64,Orlando,FL,US,3,FLST,Florida State Seminoles,Atlantic Coast Conference
315830,Shannon,Bishop,Beanie,180.0,9.375,1.8199999,1.5,120.0,7.05,69.125,4.39,71.125,2.57,33.5,,4.15,30.75,1999-12-17 00:00:00,995A2DD0-93BD-5651-A60D-6708B62B17B3,Pittsburgh Steelers,PIT,2024,,,,Louisville,KY,US,,WVUN,West Virginia Mountaineers,Big Twelve Conference
328303,Jalen,Sundell,Jalen,301.0,9.5,2.2799997,1.77,105.0,7.63,77.125,5.18,78.125,2.9,30.5,26.0,4.58,33.125,1999-10-18 00:00:00,BC17557B-B749-58B5-9404-8682A796A9D2,Seattle Seahawks,SEA,2024,,,,Maryville,MO,US,,NDST,North Dakota State Bison,Missouri Valley Football Conference
350269,Curtis,Jacobs,Curtis,243.0,10.25,1.9299998,1.59,129.0,7.22,73.125,4.58,77.75,2.65,35.0,18.0,4.43,31.5,2002-02-18 00:00:00,3BAABDB4-8C73-58F8-8E87-8DB435AEFB16,Kansas City Chiefs,KC,2024,,,,Glen Burnie,MD,US,4,PAST,Penn State Nittany Lions,Big Ten Conference
279277,Jack,Coan,Jack,217.0,9.75,2.1000001,1.66,115.0,6.95,75.125,4.9,75.0,2.8,33.0,,4.39,31.375,1998-12-08 00:00:00,632CBB59-F592-5648-B181-6B23BDF9D85D,Indianapolis Colts,IND,2022,,,,Sayville,NY,US,3,INND,Notre Dame Fighting Irish,Independent
304268,Percy,Butler,Percy,194.0,9.125,1.8500001,1.46,123.0,6.9,72.25,4.36,76.625,2.51,35.0,13.0,4.38,31.625,2000-05-29 00:00:00,E3003A6C-2896-5B55-9EDE-2D9A2B16DCA2,Washington Commanders,WAS,2022,4,8,113,Plaquemine,LA,US,3,LASW,Louisiana Ragin' Cajuns,Sun Belt Conference
326123,Joseph,Shimko,Joe,,,,,,,,,,,,,,,2000-09-30 00:00:00,29BC477A-E5B7-57DD-B73C-AD9783E85B3C,Arizona Cardinals,ARZ,2024,,,,Belmar,NJ,US,3,NCST,NC State Wolfpack,Atlantic Coast Conference
260934,Chase,Lucas,Chase,180.0,9.25,1.8700001,1.52,128.0,6.78,71.25,4.48,74.5,2.61,39.0,12.0,4.16,31.875,1997-03-04 00:00:00,9BBD6453-9703-5015-8A11-1A607B8805BD,Detroit Lions,DET,2022,7,16,237,Chandler,AZ,US,4,AZST,Arizona State Sun Devils,Big Twelve Conference
281183,Darrell,Baker,Darrell,190.0,8.75,1.9299998,1.53,136.0,7.07,72.875,4.43,77.875,2.5,41.5,11.0,4.25,32.0,1998-03-27 00:00:00,29BC477A-E5B7-57DD-B73C-AD9783E85B3C,Arizona Cardinals,ARZ,2022,,,,Hephzibah,GA,US,,GASO,Georgia Southern Eagles,Sun Belt Conference
361555,Jamon,Johnson,Jamon,236.0,9.75,2.0,1.59,126.0,,72.75,4.6,78.375,2.6,37.5,16.0,,31.625,2001-11-28 00:00:00,63D59843-D136-5F8B-9C55-DE09A20AB321,Green Bay Packers,GB,2025,,,,Hyattsville,MD,US,4,KYUN,Kentucky Wildcats,Southeastern Conference
362952,Donovan,McMillon,Donovan,203.0,9.5,1.8400002,1.64,125.0,6.98,73.625,4.46,75.0,2.62,35.0,21.0,4.13,31.75,2002-06-18 00:00:00,BECDB626-1B97-5904-9EED-71842375BC39,Cleveland Browns,CLV,2025,,,,McMurray,PA,US,4,PAPT,Pittsburgh Panthers,Atlantic Coast Conference
279557,Billy,Taylor,Billy,235.0,8.875,2.0200002,1.65,111.0,7.13,72.375,4.84,,2.82,30.5,28.0,4.35,31.0,,,,,,,,,Parsippany,NJ,US,,NJRU,Rutgers Scarlet Knights,Big Ten Conference
314829,McCallan,Castles,McCallan,244.0,9.875,2.1000001,1.66,126.0,7.21,76.375,4.67,79.125,2.57,37.5,16.0,4.36,33.0,1999-12-03 00:00:00,EB0BEB8F-2A1E-51E2-9AB2-793F72994559,Philadelphia Eagles,PHI,2024,,,,South Lake Tahoe,CA,US,4,TNUN,Tennessee Volunteers,Southeastern Conference
279920,Ali,Fayad,Ali,248.0,9.875,2.05,1.65,112.0,7.31,73.625,4.89,77.5,2.84,32.5,28.0,4.57,32.0,1999-05-12 00:00:00,EB0BEB8F-2A1E-51E2-9AB2-793F72994559,Philadelphia Eagles,PHI,2022,,,,Dearborn,MI,US,3,MIWE,Western Michigan Broncos,Mid-American Conference
364245,Shamari,Simmons,Shamari,197.0,8.75,2.04,1.55,123.0,7.44,71.75,4.69,75.125,2.65,36.5,12.0,4.43,30.25,2001-03-05 00:00:00,,,,2025,,,,Ashland,AL,US,,AZST,Arizona State Sun Devils,Big Twelve Conference
349015,Kai,Kroeger,Kai,213.0,9.25,,,,,75.375,,76.0,,,,,32.0,2002-06-11 00:00:00,84F58345-4A56-5C30-92B4-7365AC46B68F,New York Jets,NYJ,2025,,,,Lake Forest,IL,US,,SCUN,South Carolina Gamecocks,Southeastern Conference
362073,Carson,Steele,Carson,228.0,9.75,2.05,1.6,116.0,7.07,72.625,4.75,73.625,2.7,37.5,28.0,4.36,30.0,2002-10-21 00:00:00,3BAABDB4-8C73-58F8-8E87-8DB435AEFB16,Kansas City Chiefs,KC,2024,,,,Greenwood,IN,US,,CALA,UCLA Bruins,Big Ten Conference
306122,Jaivon,Heiligh,Jaivon,202.0,9.25,2.0,1.63,119.0,7.19,72.375,4.63,76.375,2.63,36.0,14.0,4.46,32.0,1999-09-02 00:00:00,D6EE26D1-1C8A-5599-A3BD-1537E7DE85BC,Cincinnati Bengals,CIN,2022,,,,Venice,FL,US,3,SCCC,Coastal Carolina Chanticleers,Sun Belt Conference
305860,Kalon,Barnes,Kalon,183.0,9.875,1.73,1.53,133.0,7.44,71.5,4.23,76.75,2.5,40.0,6.0,4.58,31.75,1998-12-16 00:00:00,B0AFC250-BC45-565B-AB31-C09E2D5209E8,Carolina Panthers,CAR,2022,7,21,242,Silsbee,TX,US,4,TXBA,Baylor Bears,Big Twelve Conference
336471,Isaiah,Williams,Isaiah,179.0,9.125,1.9500003,1.56,128.0,6.78,68.0,4.57,72.8,2.62,36.0,17.0,4.13,30.1,2001-01-29 00:00:00,9BBD6453-9703-5015-8A11-1A607B8805BD,Detroit Lions,DET,2024,,,,St. Louis,MO,US,4,ILUN,Illinois Fighting Illini,Big Ten Conference
348494,Jordan,Williams,Jordan,318.0,10.0,,,109.0,,77.25,,81.75,,32.0,23.0,,34.0,2001-11-18 00:00:00,05B24043-BB4C-50E7-88F6-F2E43146B5A2,Atlanta Falcons,ATL,2025,,,,Gainesville,GA,US,3,GATC,Georgia Tech Yellow Jackets,Atlantic Coast Conference
316470,Gerrit,Prince,Gerrit,241.0,9.625,2.23,1.71,114.0,7.25,76.5,4.77,79.375,2.54,32.5,14.0,4.46,34.0,1997-08-25 00:00:00,B0D7698E-EDF7-5AFE-98FE-85827218ADB9,Jacksonville Jaguars,JAX,2022,,,,Shawnee,KS,US,,ALBI,UAB Blazers,American Athletic Conference
326147,Zach,Heins,Zach,259.0,9.875,2.07,1.72,108.0,7.56,78.125,5.0,79.25,2.93,29.0,,4.52,32.875,2000-04-21 00:00:00,DD0C9C81-33C9-5CC9-BEE2-7C26A6327F6C,Los Angeles Chargers,LAC,2024,,,,Sioux Falls,SD,US,,SDST,South Dakota State Jackrabbits,Missouri Valley Football Conference
300802,Zach,Tom,Zach,304.0,10.375,2.1100001,1.63,118.0,7.32,76.25,4.94,80.375,2.83,33.0,,4.47,33.25,1999-03-26 00:00:00,63D59843-D136-5F8B-9C55-DE09A20AB321,Green Bay Packers,GB,2022,4,35,140,Prairieville,LA,US,3,NCWF,Wake Forest Demon Deacons,Atlantic Coast Conference
340242,Isaiah,Neyor,Isaiah,219.0,9.875,,1.51,133.0,7.0,76.0,4.4,83.5,,38.0,,4.27,34.5,2001-06-07 00:00:00,88397334-0092-5B55-8CE1-2BD467E0EDF8,San Francisco 49ers,SF,2025,,,,Fort Worth,TX,US,,NEUN,Nebraska Cornhuskers,Big Ten Conference
305931,D.J.,Davidson,D.J.,328.0,10.125,2.2699997,1.83,95.0,7.6,72.625,5.22,82.875,2.95,28.5,23.0,4.71,33.0,1997-09-19 00:00:00,8F5BF2A9-6CE9-5164-988E-2E0062F32090,New York Giants,NYG,2022,5,4,147,Mesa,AZ,US,3,AZST,Arizona State Sun Devils,Big Twelve Conference
327725,Doug,Nester,Doug,308.0,9.75,2.1799998,1.89,105.0,8.12,78.75,5.31,81.125,3.13,28.0,19.0,4.91,32.75,2000-08-07 00:00:00,2315DA89-83D2-5174-B6A7-1E81D98032A2,Minnesota Vikings,MIN,2024,,,,Kenova,WV,US,4,WVUN,West Virginia Mountaineers,Big Twelve Conference
304482,Jelani,Woods,Jelani,252.0,9.5,1.9900002,1.57,129.0,6.95,79.125,4.61,82.75,2.62,37.5,24.0,4.33,34.5,1998-10-09 00:00:00,632CBB59-F592-5648-B181-6B23BDF9D85D,Indianapolis Colts,IND,2022,3,9,73,Ellenwood,GA,US,3,VAUN,Virginia Cavaliers,Atlantic Coast Conference
363400,Louis,Robinson,Ethan,195.0,9.375,1.9000001,1.63,127.0,6.94,70.625,4.55,74.375,2.65,42.0,10.0,4.39,31.0,2003-04-30 00:00:00,4857A921-F6C9-5357-8527-F8589332184B,Miami Dolphins,MIA,2025,,,,Montgomery,NY,US,,MNUN,Minnesota Golden Gophers,Big Ten Conference
367710,Maema,Njongmeta,Maema,228.0,9.5,2.0300002,1.68,116.0,7.32,71.75,4.78,76.125,2.75,34.5,15.0,4.61,32.125,2001-03-09 00:00:00,D6EE26D1-1C8A-5599-A3BD-1537E7DE85BC,Cincinnati Bengals,CIN,2024,,,,Buffalo Grove,IL,US,3,WIUN,Wisconsin Badgers,Big Ten Conference
306298,Solomon,Byrd,Solomon,251.0,9.875,2.0400002,1.84,114.0,7.52,75.0,5.01,80.625,2.97,32.0,18.0,4.59,33.5,1999-12-01 00:00:00,E871178D-CA00-52FF-9E93-E3F7A8A9BC9F,Houston Texans,HST,2024,7,18,238,Palmdale,CA,US,3,CASC,USC Trojans,Big Ten Conference
280676,Reed,Blankenship,Reed,203.0,9.375,1.9800003,1.5,121.0,7.09,72.75,4.55,76.25,2.57,33.5,15.0,4.22,31.625,1999-03-02 00:00:00,EB0BEB8F-2A1E-51E2-9AB2-793F72994559,Philadelphia Eagles,PHI,2022,,,,Athens,AL,US,3,TNMI,Middle Tennessee Blue Raiders,Conference USA
327944,Mohamed,Kamara,Mohamed,249.0,8.625,1.9100001,1.58,123.0,7.34,73.5,4.57,78.625,2.66,34.5,23.0,4.49,32.375,2000-06-09 00:00:00,4857A921-F6C9-5357-8527-F8589332184B,Miami Dolphins,MIA,2024,5,23,158,Newark,NJ,US,3,COST,Colorado State Rams,Mountain West Conference
368430,Johnny,Walker,Johnny,249.0,9.875,2.13,1.72,120.0,7.69,74.625,4.82,79.5,2.69,32.0,21.0,4.58,32.875,2001-12-12 00:00:00,30A0F7E1-9843-5EDD-8CF1-C60918B7F861,Denver Broncos,DEN,2025,,,,Tampa,FL,US,3,MOUN,Missouri Tigers,Southeastern Conference
350683,Brandon,Crenshaw-Dickson,Brandon,315.0,10.375,,1.87,96.0,7.72,79.125,5.33,84.125,,24.5,15.0,4.8,34.75,2001-02-22 00:00:00,B4A5EBDF-C1AB-5046-9985-A69F83A44ACE,Tennessee Titans,TEN,2025,,,,Inglewood,CA,US,3,FLUN,Florida Gators,Southeastern Conference
348680,Corey,Thornton,Corey,193.0,9.375,2.06,1.57,122.0,7.21,72.5,4.62,79.125,2.56,32.5,9.0,4.29,32.5,2001-01-30 00:00:00,B0AFC250-BC45-565B-AB31-C09E2D5209E8,Carolina Panthers,CAR,2025,,,,Miami,FL,US,3,KYLO,Louisville Cardinals,Atlantic Coast Conference
305363,Blaise,Andries,Blaise,311.0,9.875,2.1799998,1.71,106.0,7.84,78.25,5.1,81.0,2.92,30.5,,4.68,34.0,1998-07-21 00:00:00,4857A921-F6C9-5357-8527-F8589332184B,Miami Dolphins,MIA,2022,,,,Marshall,MN,US,3,MNUN,Minnesota Golden Gophers,Big Ten Conference
354742,Luke,Newman,Luke,308.0,9.25,2.1499999,1.76,110.0,7.7,75.5,5.08,76.25,2.93,35.0,29.0,4.58,31.0,2002-03-31 00:00:00,A939ECC7-FDBE-5F71-AF12-B480EFB5FFEB,Chicago Bears,CHI,2025,6,19,197,Bloomfield Hills,MI,US,,MIST,Michigan State Spartans,Big Ten Conference
448335,Jacory,Croskey-Merritt,Jacory,206.0,9.0,1.8599999,1.5,124.0,7.28,70.25,4.45,77.125,2.59,41.5,17.0,4.44,31.75,2001-04-12 00:00:00,E3003A6C-2896-5B55-9EDE-2D9A2B16DCA2,Washington Commanders,WAS,2025,7,29,247,Montgomery,AL,US,,AZUN,Arizona Wildcats,Big Twelve Conference
280844,Cordell,Volson,Cordell,315.0,10.5,2.21,1.8,104.0,8.31,78.125,5.27,81.125,3.06,25.0,25.0,4.93,33.875,1998-07-20 00:00:00,D6EE26D1-1C8A-5599-A3BD-1537E7DE85BC,Cincinnati Bengals,CIN,2022,4,31,136,Balfour,ND,US,,NDST,North Dakota State Bison,Missouri Valley Football Conference
350438,Garnett,Hollis,Garnett,199.0,8.375,1.9100001,1.58,125.0,,72.375,4.5,76.25,2.59,36.5,11.0,4.3,31.75,2002-06-22 00:00:00,B4A5EBDF-C1AB-5046-9985-A69F83A44ACE,Tennessee Titans,TEN,2025,,,,Nashville,TN,US,3,WVUN,West Virginia Mountaineers,Big Twelve Conference
348755,Deshawn,Pace,Deshawn,212.0,9.875,1.9200001,1.51,117.0,7.19,72.875,4.55,72.75,2.63,32.5,17.0,4.47,30.75,2002-03-21 00:00:00,,,,,,,,Cincinnati,OH,US,3,FLCE,UCF Knights,Big Twelve Conference
336489,Jackson,Mitchell,Jackson,225.0,9.5,2.05,1.68,113.0,7.36,73.375,4.83,76.0,2.78,34.0,17.0,4.22,30.5,2001-01-23 00:00:00,B0AFC250-BC45-565B-AB31-C09E2D5209E8,Carolina Panthers,CAR,2024,,,,Ridgefield,CT,US,3,CTUN,UConn Huskies,Independent
350170,Gus,Hartwig,Gus,309.0,9.875,2.24,1.78,103.0,7.77,77.25,5.27,79.5,3.03,29.5,18.0,4.92,32.875,2002-01-21 00:00:00,84F58345-4A56-5C30-92B4-7365AC46B68F,New York Jets,NYJ,2025,,,,Zionsville,IN,US,4,INPU,Purdue Boilermakers,Big Ten Conference
362249,Andrew,Kendall,Drew,306.0,9.375,,1.79,105.0,7.56,76.0,5.05,78.0,,30.5,20.0,4.51,32.25,2001-11-27 00:00:00,EB0BEB8F-2A1E-51E2-9AB2-793F72994559,Philadelphia Eagles,PHI,2025,5,32,170,Norwell,MA,US,4,MABC,Boston College Eagles,Atlantic Coast Conference
282781,Matthew,Butler,Matthew,298.0,9.25,2.12,1.75,110.0,7.91,75.875,5.0,81.625,2.88,34.0,17.0,4.9,33.5,1999-06-10 00:00:00,BB3667CC-9AC6-5170-9572-2B840882FACD,Las Vegas Raiders,LV,2022,5,32,175,Raleigh,NC,US,4,TNUN,Tennessee Volunteers,Southeastern Conference
338552,Daijahn,Anthony,Daijahn,194.0,9.0,1.8700001,1.58,120.0,6.89,72.0,4.53,76.375,2.66,37.0,10.0,4.19,31.875,2000-09-09 00:00:00,D6EE26D1-1C8A-5599-A3BD-1537E7DE85BC,Cincinnati Bengals,CIN,2024,7,4,225,Richmond,VA,US,,MSUN,Ole Miss Rebels,Southeastern Conference
308112,Tyrone,Tracy,Tyrone,209.0,9.0,1.8600001,1.56,124.0,6.81,71.25,4.48,76.75,2.62,40.0,20.0,4.06,31.125,1999-11-23 00:00:00,8F5BF2A9-6CE9-5164-988E-2E0062F32090,New York Giants,NYG,2024,5,31,167,Indianapolis,IN,US,,INPU,Purdue Boilermakers,Big Ten Conference
332464,D'Anthony,Bell,D'Anthony,211.0,9.0,1.8399997,1.61,129.0,6.94,72.5,4.47,75.0,2.63,36.0,18.0,4.27,32.125,1996-10-17 00:00:00,BECDB626-1B97-5904-9EED-71842375BC39,Cleveland Browns,CLV,2022,,,,Covington,GA,US,,FLWS,University of West Florida Argonauts,Gulf South Conference
348245,Tahj,Brooks,Tahj,220.0,9.375,,1.56,120.0,6.9,69.375,4.52,75.125,,35.0,16.0,4.06,30.75,2002-05-13 00:00:00,D6EE26D1-1C8A-5599-A3BD-1537E7DE85BC,Cincinnati Bengals,CIN,2025,6,17,195,Manor,TX,US,3,TXTC,Texas Tech Red Raiders,Big Twelve Conference
317794,Deshaun,Fenwick,Deshaun,223.0,9.75,2.01,1.65,116.0,7.34,72.875,4.75,76.25,2.74,32.5,19.0,4.47,31.125,1999-12-31 00:00:00,CB8FB75C-0A4C-5080-8580-9B2D46E98591,New England Patriots,NE,2024,,,,Bradenton,FL,US,3,ORST,Oregon State Beavers,Pacific Twelve Conference
325753,Jerrod,Means,Bub,227.0,10.25,1.8299999,1.56,122.0,,73.25,4.43,79.125,2.6,39.5,19.0,4.4,32.875,2001-01-10 00:00:00,361E23BB-82F8-554D-B60D-24AC2D7679C3,New Orleans Saints,NO,2024,5,35,171,Lovejoy,GA,US,,PAPT,Pittsburgh Panthers,Atlantic Coast Conference
305067,Juanyeh,Thomas,Juanyeh,213.0,9.625,1.9300003,1.55,122.0,7.33,72.75,4.55,78.875,2.62,34.0,17.0,4.18,32.375,2000-06-24 00:00:00,1AFBDD15-D429-5BCB-A55B-AF7199345DA5,Dallas Cowboys,DAL,2022,,,,Niceville,FL,US,3,GATC,Georgia Tech Yellow Jackets,Atlantic Coast Conference
348176,Myles,Murphy,Myles,305.0,9.5,2.1899998,1.81,107.0,,76.0,5.2,80.25,3.01,29.0,20.0,4.53,33.75,2001-11-27 00:00:00,29BC477A-E5B7-57DD-B73C-AD9783E85B3C,Arizona Cardinals,ARZ,2024,,,,Greensboro,NC,US,4,NCUN,North Carolina Tar Heels,Atlantic Coast Conference
326448,Kaitori,Leveston,K.T.,330.0,10.125,2.2900002,1.85,108.0,7.9,76.0,5.38,83.25,3.09,27.5,25.0,4.85,34.375,1999-10-28 00:00:00,252E01FC-2471-563E-AA87-4876E74FBF06,Los Angeles Rams,LA,2024,7,34,254,Waco,TX,US,3,KSST,Kansas State Wildcats,Big Twelve Conference
304601,James,Houston,James,244.0,9.0,2.12,1.56,125.0,7.41,72.25,4.74,82.0,2.62,39.0,22.0,4.48,34.25,1998-11-16 00:00:00,9BBD6453-9703-5015-8A11-1A607B8805BD,Detroit Lions,DET,2022,6,39,217,Fort Lauderdale,FL,US,3,MSJA,Jackson State Tigers,Southwestern Athletic Conference
327784,Donovan,Chambers,Steele,229.0,9.125,1.99,1.68,115.0,7.1,72.875,4.75,73.75,2.76,33.5,19.0,4.3,30.5,2000-07-24 00:00:00,9BBD6453-9703-5015-8A11-1A607B8805BD,Detroit Lions,DET,2024,,,,Roswell,GA,US,4,OHST,Ohio State Buckeyes,Big Ten Conference
325000,Levelle,Bailey,Levelle,227.0,10.0,1.9399998,1.73,113.0,7.23,73.625,4.7,74.375,2.76,31.5,16.0,4.36,32.0,2000-12-04 00:00:00,30A0F7E1-9843-5EDD-8CF1-C60918B7F861,Denver Broncos,DEN,2024,,,,Sacramento,CA,US,3,CAFR,Fresno State Bulldogs,Mountain West Conference
360774,Konata,Mumpfield,Konata,187.0,8.5,,1.54,124.0,6.77,71.25,4.59,74.25,,36.0,,4.19,29.875,2002-10-24 00:00:00,252E01FC-2471-563E-AA87-4876E74FBF06,Los Angeles Rams,LA,2025,7,26,244,Hoschton,GA,US,3,PAPT,Pittsburgh Panthers,Atlantic Coast Conference
305335,Kyler,McMichael,Kyler,201.0,9.25,1.8699999,1.62,114.0,6.94,72.125,4.49,74.5,2.62,32.0,14.0,4.37,31.0,2000-03-22 00:00:00,07F46F9D-1C41-534E-AB68-574E82C94A46,Tampa Bay Buccaneers,TB,2022,,,,Atlanta,GA,US,4,NCUN,North Carolina Tar Heels,Atlantic Coast Conference
353353,Myles,Harden,Myles,194.0,9.375,1.9000001,1.52,118.0,6.88,71.25,4.5,74.375,2.6,35.5,13.0,3.98,29.75,2001-12-13 00:00:00,BECDB626-1B97-5904-9EED-71842375BC39,Cleveland Browns,CLV,2024,7,7,227,Miami Gardens,FL,US,,SDVE,South Dakota Coyotes,Missouri Valley Football Conference
300511,Dallin,Holker,Dallin,234.0,10.125,2.04,1.71,122.0,7.01,75.25,4.77,78.625,2.73,32.5,15.0,4.47,33.375,2000-04-07 00:00:00,361E23BB-82F8-554D-B60D-24AC2D7679C3,New Orleans Saints,NO,2024,,,,Lehi,UT,US,3,COST,Colorado State Rams,Mountain West Conference
280328,Chukwuemeka,Emezie,Emeka,210.0,9.0,2.0700002,1.67,110.0,6.87,74.375,4.82,76.875,2.75,29.0,18.0,4.31,32.75,1999-05-18 00:00:00,B0AFC250-BC45-565B-AB31-C09E2D5209E8,Carolina Panthers,CAR,2022,,,,Waxhaw,NC,US,3,NCST,NC State Wolfpack,Atlantic Coast Conference
349628,Evan,Anderson,Evan,320.0,9.25,2.2199998,1.77,99.0,8.2,73.125,5.2,78.5,2.98,30.0,31.0,4.99,32.375,2002-02-14 00:00:00,88397334-0092-5B55-8CE1-2BD467E0EDF8,San Francisco 49ers,SF,2024,,,,West Orlando,FL,US,3,FLAT,Florida Atlantic Owls,American Athletic Conference
327296,Tylan,Grable,Tylan,308.0,10.375,2.11,1.69,117.0,,77.375,4.95,80.25,2.84,36.5,,,33.625,1999-10-04 00:00:00,645FDDD1-DF20-5323-93E4-C7C176BAA507,Buffalo Bills,BUF,2024,6,28,204,Gordon,GA,US,,FLCE,UCF Knights,Big Twelve Conference
330293,Matthew,Lee,Matt,302.0,9.0,2.1000001,1.76,111.0,7.97,75.75,5.03,78.625,2.93,31.0,25.0,4.69,32.25,2001-06-06 00:00:00,D6EE26D1-1C8A-5599-A3BD-1537E7DE85BC,Cincinnati Bengals,CIN,2024,7,17,238,Oviedo,FL,US,3,FLMI,Miami Hurricanes,Atlantic Coast Conference
282443,Ty,Chandler,Ty,203.0,9.0,1.8400002,1.46,121.0,7.4,71.25,4.38,75.625,2.54,31.0,15.0,4.41,32.125,1998-05-12 00:00:00,2315DA89-83D2-5174-B6A7-1E81D98032A2,Minnesota Vikings,MIN,2022,5,26,169,Nashville,TN,US,4,NCUN,North Carolina Tar Heels,Atlantic Coast Conference
347975,Ryan,Rehkow,Ryan,235.0,9.0,,,,,76.375,,76.0,,,,,30.75,1998-09-11 00:00:00,3BAABDB4-8C73-58F8-8E87-8DB435AEFB16,Kansas City Chiefs,KC,2024,,,,Veradale,WA,US,3,UTBY,BYU Cougars,Big Twelve Conference
350458,Glendon,Miller,Glendon,207.0,8.375,1.9300001,1.56,118.0,7.09,74.875,4.44,78.0,2.51,38.0,15.0,4.25,32.25,2002-04-30 00:00:00,3BAABDB4-8C73-58F8-8E87-8DB435AEFB16,Kansas City Chiefs,KC,2025,,,,Orange Park,FL,US,3,MDUN,Maryland Terrapins,Big Ten Conference
337048,Devin,Leary,Devin,216.0,9.625,,,,,73.0,,74.0,,,,,31.25,1999-09-10 00:00:00,A2C18DC9-2B95-595A-91C1-C07D8BF10FFC,Baltimore Ravens,BLT,2024,6,42,218,Sicklerville,NJ,US,4,KYUN,Kentucky Wildcats,Southeastern Conference
348709,Christian,Mahogany,Christian,316.0,10.5,2.18,1.74,109.0,7.81,75.375,5.13,81.62,2.95,32.5,,4.53,33.5,2000-10-11 00:00:00,9BBD6453-9703-5015-8A11-1A607B8805BD,Detroit Lions,DET,2024,6,34,210,Elmwood Park,NJ,US,3,MABC,Boston College Eagles,Atlantic Coast Conference
379167,Gerad,Christian-Lichtenhan,Gerad,315.0,10.0,2.2199998,1.85,109.0,7.87,80.25,5.35,85.375,3.13,28.0,19.0,5.08,35.25,2001-12-03 00:00:00,A2C18DC9-2B95-595A-91C1-C07D8BF10FFC,Baltimore Ravens,BLT,2025,,,,Davis,CA,US,,ORST,Oregon State Beavers,Pacific Twelve Conference
349825,Camden,Miller,Cam,215.0,9.625,,,,,72.875,,73.125,,,,,30.125,2001-06-18 00:00:00,BB3667CC-9AC6-5170-9572-2B840882FACD,Las Vegas Raiders,LV,2025,6,39,215,Solon,IA,US,,NDST,North Dakota State Bison,Missouri Valley Football Conference
327738,Brent,Matiscik,Brent,230.0,8.75,2.12,1.81,,,72.625,5.1,72.875,2.98,,17.0,,30.375,2000-04-17 00:00:00,BECDB626-1B97-5904-9EED-71842375BC39,Cleveland Browns,CLV,2025,,,,McKinney,TX,US,,TXCU,TCU Horned Frogs,Big Twelve Conference
304444,Chigozie,Anusiem,Chigozie,200.0,8.625,1.8999999,1.57,124.0,7.06,73.125,4.39,78.875,2.49,37.5,14.0,4.42,32.25,2000-11-05 00:00:00,E3003A6C-2896-5B55-9EDE-2D9A2B16DCA2,Washington Commanders,WAS,2024,,,,La Habra,CA,US,3,COST,Colorado State Rams,Mountain West Conference
365112,Tre,Stewart,Tre,192.0,9.625,1.8499999,1.64,114.0,7.33,69.375,4.5,73.125,2.65,33.0,12.0,4.45,30.375,2002-12-14 00:00:00,2315DA89-83D2-5174-B6A7-1E81D98032A2,Minnesota Vikings,MIN,2025,,,,Winston-Salem,NC,US,,ALJA,Jacksonville State Gamecocks,Conference USA
350512,Jalin,Conyers,Jalin,261.0,9.75,,1.62,121.0,6.94,75.375,4.74,80.0,,35.5,,4.27,33.25,2001-07-25 00:00:00,4857A921-F6C9-5357-8527-F8589332184B,Miami Dolphins,MIA,2025,,,,Gruver,TX,US,4,TXTC,Texas Tech Red Raiders,Big Twelve Conference
350479,Tarheeb,Still,Tarheeb,188.0,9.0,1.8799999,1.54,120.0,,71.625,4.49,73.5,2.61,38.0,,4.19,30.0,2002-06-09 00:00:00,DD0C9C81-33C9-5CC9-BEE2-7C26A6327F6C,Los Angeles Chargers,LAC,2024,5,2,138,Sicklerville,NJ,US,3,MDUN,Maryland Terrapins,Big Ten Conference
314613,Jaxon,Janke,Jaxon,214.0,8.875,1.8799999,1.54,123.0,7.35,74.375,4.58,75.875,2.7,38.0,15.0,4.48,30.5,1999-11-10 00:00:00,E871178D-CA00-52FF-9E93-E3F7A8A9BC9F,Houston Texans,HST,2024,,,,Madison,SD,US,,SDST,South Dakota State Jackrabbits,Missouri Valley Football Conference
330388,Anthony,Gould,Anthony,180.0,8.75,1.8399999,1.5,129.0,6.94,68.375,4.39,70.0,2.55,39.5,,4.17,29.625,2001-04-06 00:00:00,632CBB59-F592-5648-B181-6B23BDF9D85D,Indianapolis Colts,IND,2024,5,7,143,Leavenworth,KS,US,3,ORST,Oregon State Beavers,Pacific Twelve Conference
304478,Alexander,Horvath,Zander,228.0,8.75,2.0300002,1.57,123.0,6.75,74.125,4.61,76.25,2.58,35.5,31.0,4.25,32.0,1998-12-10 00:00:00,DD0C9C81-33C9-5CC9-BEE2-7C26A6327F6C,Los Angeles Chargers,LAC,2022,7,39,260,Mishawaka,IN,US,,INPU,Purdue Boilermakers,Big Ten Conference
352239,Nash,Hutmacher,Nash,312.0,9.5,2.2499998,1.79,111.0,7.53,75.5,5.2,76.0,2.95,29.5,26.0,4.77,31.75,2001-05-15 00:00:00,07F46F9D-1C41-534E-AB68-574E82C94A46,Tampa Bay Buccaneers,TB,2025,,,,Oacoma,SD,US,,NEUN,Nebraska Cornhuskers,Big Ten Conference
283816,David,Anenih,David,245.0,9.5,2.0299997,1.67,123.0,,74.0,4.74,83.125,2.71,36.5,25.0,4.5,34.375,1999-08-15 00:00:00,B4A5EBDF-C1AB-5046-9985-A69F83A44ACE,Tennessee Titans,TEN,2022,,,,Arlington,TX,US,3,TXHO,Houston Cougars,Big Twelve Conference
325932,Joshua,Simon,Joshua,247.0,10.25,,1.58,124.0,7.22,76.125,4.65,83.25,,38.0,,4.4,33.875,2000-11-27 00:00:00,05B24043-BB4C-50E7-88F6-F2E43146B5A2,Atlanta Falcons,ATL,2025,,,,Dalzell,SC,US,3,SCUN,South Carolina Gamecocks,Southeastern Conference
353565,Marcus,Harris,Marcus,188.0,8.75,1.7700002,1.55,120.0,7.13,70.75,4.38,74.375,2.61,36.5,,4.25,30.25,2001-03-06 00:00:00,B4A5EBDF-C1AB-5046-9985-A69F83A44ACE,Tennessee Titans,TEN,2025,6,7,183,Portland,OR,US,3,CAUN,California Golden Bears,Atlantic Coast Conference
348216,R.J.,Mickens,R.J.,199.0,8.875,,1.55,121.0,,72.0,4.49,78.25,,41.5,17.0,,32.0,2001-07-10 00:00:00,DD0C9C81-33C9-5CC9-BEE2-7C26A6327F6C,Los Angeles Chargers,LAC,2025,6,38,214,Southlake,TX,US,4,SCCL,Clemson Tigers,Atlantic Coast Conference
281628,Ty,Fryfogle,Ty,209.0,9.75,1.8500001,1.52,119.0,7.15,73.125,4.53,74.625,2.68,38.0,13.0,4.47,30.875,1999-01-28 00:00:00,1AFBDD15-D429-5BCB-A55B-AF7199345DA5,Dallas Cowboys,DAL,2022,,,,Lucedale,MS,US,3,INUN,Indiana Hoosiers,Big Ten Conference
325170,Tyler,Owens,Tyler,213.0,9.125,,,146.0,,74.5,,79.75,,41.0,,,33.25,2001-05-12 00:00:00,E3003A6C-2896-5B55-9EDE-2D9A2B16DCA2,Washington Commanders,WAS,2024,,,,Plano,TX,US,4,TXTC,Texas Tech Red Raiders,Big Twelve Conference
280085,Myron,Tagovailoa-Amosa,Myron,270.0,9.5,1.98,1.66,115.0,7.29,74.375,4.81,79.5,2.83,29.5,,4.7,33.0,1999-05-09 00:00:00,BB3667CC-9AC6-5170-9572-2B840882FACD,Las Vegas Raiders,LV,2022,,,,Ewa Beach,HI,US,4,INND,Notre Dame Fighting Irish,Independent
305227,Eyabi,Okie-Anoma,Eyabi,262.0,9.625,,,,,76.375,,79.25,,,,,33.0,1999-06-07 00:00:00,,,,,,,,Baltimore,MD,US,5,NCCR,Charlotte 49ers,American Athletic Conference
325454,Jarrian,Jones,Jarrian,192.0,8.25,1.8500001,1.53,129.0,,72.25,4.38,73.75,2.53,39.5,,4.3,30.0,2001-05-08 00:00:00,B0D7698E-EDF7-5AFE-98FE-85827218ADB9,Jacksonville Jaguars,JAX,2024,3,33,97,Magee,MS,US,4,FLST,Florida State Seminoles,Atlantic Coast Conference
351025,Luke,Elzinga,Luke,222.0,8.875,,,,,76.375,,78.5,,,,,33.5,,,,,,,,,Grand Rapids,MI,US,3,OKUN,Oklahoma Sooners,Southeastern Conference
311473,Jack,Sanborn,Jack,239.0,9.625,2.01,1.59,114.0,6.81,73.5,4.73,74.125,2.72,34.5,20.0,4.05,30.5,2000-07-29 00:00:00,A939ECC7-FDBE-5F71-AF12-B480EFB5FFEB,Chicago Bears,CHI,2022,,,,Deer Park,IL,US,4,WIUN,Wisconsin Badgers,Big Ten Conference
360280,Josh,Wojciechowicz,Josh,240.0,,2.0500002,1.7,112.0,7.83,74.0,5.01,75.0,2.96,31.5,21.0,4.5,30.75,,,,,,,,,,,,,COMI,Colorado School of Mines Orediggers,Rocky Mountain Athletic Conference
280117,DaMarcus,Fields,DaMarcus,192.0,9.125,1.8600001,1.56,119.0,6.95,71.625,4.48,75.375,2.62,37.0,11.0,4.29,31.25,1998-03-11 00:00:00,361E23BB-82F8-554D-B60D-24AC2D7679C3,New Orleans Saints,NO,2022,,,,Taylor,TX,US,3,TXTC,Texas Tech Red Raiders,Big Twelve Conference
282108,Devin,Cochran,Devin,306.0,10.25,2.11,1.76,112.0,7.64,79.125,5.1,86.25,2.99,30.0,23.0,4.71,34.375,1998-07-17 00:00:00,D6EE26D1-1C8A-5599-A3BD-1537E7DE85BC,Cincinnati Bengals,CIN,2022,,,,Norcross,GA,US,3,GATC,Georgia Tech Yellow Jackets,Atlantic Coast Conference
414508,Christopher,Pole,Esa,323.0,9.875,2.28,1.87,100.0,8.03,77.25,5.29,81.0,3.01,29.0,23.0,4.72,33.625,2001-07-04 00:00:00,3BAABDB4-8C73-58F8-8E87-8DB435AEFB16,Kansas City Chiefs,KC,2025,,,,Hayward,CA,US,,WAST,Washington State Cougars,Pacific Twelve Conference
341036,Kain,Medrano,Kain,228.0,9.0,,1.57,125.0,6.96,74.875,4.46,77.125,,38.0,,4.26,32.625,2001-02-16 00:00:00,E3003A6C-2896-5B55-9EDE-2D9A2B16DCA2,Washington Commanders,WAS,2025,6,29,207,Pueblo,CO,US,3,CALA,UCLA Bruins,Big Ten Conference
349064,John,Conley,Jack,330.0,9.875,2.2600002,1.83,102.0,7.91,78.75,5.3,81.875,3.04,28.0,,4.89,33.125,2001-06-15 00:00:00,CB8FB75C-0A4C-5080-8580-9B2D46E98591,New England Patriots,NE,2025,,,,New Canaan,CT,US,3,MABC,Boston College Eagles,Atlantic Coast Conference
350535,Bryce,Cabeldue,Bryce,308.0,9.5,2.0599997,,114.0,7.71,76.5,4.95,79.375,2.89,32.0,30.0,4.59,33.25,2001-09-04 00:00:00,BC17557B-B749-58B5-9404-8682A796A9D2,Seattle Seahawks,SEA,2025,6,16,192,Clovis,NM,US,3,KSUN,Kansas Jayhawks,Big Twelve Conference
285512,Calvin,Turner,Calvin,197.0,9.375,1.9200001,1.6,123.0,7.14,71.375,4.5,73.25,2.58,38.5,19.0,4.4,30.375,1999-07-06 00:00:00,,,,2022,,,,Savannah,GA,US,,HIUN,Hawaii Rainbow Warriors,Mountain West Conference
264587,Brayden,Thomas,Brayden,258.0,9.75,2.17,1.69,111.0,6.9,75.0,4.92,78.0,2.75,32.0,25.0,4.4,32.0,1998-03-20 00:00:00,252E01FC-2471-563E-AA87-4876E74FBF06,Los Angeles Rams,LA,2022,,,,Bismarck,ND,US,,NDST,North Dakota State Bison,Missouri Valley Football Conference
350319,Trente,Jones,Trente,310.0,10.125,2.18,1.78,109.0,7.78,76.0,5.17,80.0,2.99,26.0,22.0,4.87,33.0,2001-01-15 00:00:00,63D59843-D136-5F8B-9C55-DE09A20AB321,Green Bay Packers,GB,2024,,,,Grayson,GA,US,4,MIUN,Michigan Wolverines,Big Ten Conference
286524,Dareke,Young,Dareke,224.0,10.125,1.9100001,1.54,135.0,6.88,74.0,4.45,79.5,2.53,37.0,22.0,4.16,32.625,1999-06-04 00:00:00,BC17557B-B749-58B5-9404-8682A796A9D2,Seattle Seahawks,SEA,2022,7,12,234,Raleigh,NC,US,,NCLR,Lenoir-Rhyne Bears,South Atlantic Conference
349029,Tyler,Baron,Tyler,262.0,10.125,,1.61,121.0,7.41,76.875,4.62,80.125,,35.5,19.0,4.53,33.0,2001-10-22 00:00:00,84F58345-4A56-5C30-92B4-7365AC46B68F,New York Jets,NYJ,2025,5,40,178,Knoxville,TN,US,4,FLMI,Miami Hurricanes,Atlantic Coast Conference
359504,Ethan,Garbers,Ethan,207.0,9.125,2.08,1.8,108.0,7.41,74.375,4.95,77.0,2.87,32.5,,4.48,32.0,2002-07-28 00:00:00,B0AFC250-BC45-565B-AB31-C09E2D5209E8,Carolina Panthers,CAR,2025,,,,Newport Beach,CA,US,4,CALA,UCLA Bruins,Big Ten Conference
285362,Quentin,Lake,Quentin,199.0,9.125,1.9300001,1.56,,,73.5,4.59,76.25,2.66,,,,31.25,1999-01-29 00:00:00,252E01FC-2471-563E-AA87-4876E74FBF06,Los Angeles Rams,LA,2022,6,33,211,Irvine,CA,US,3,CALA,UCLA Bruins,Big Ten Conference
337156,Ja'Quan,Sheppard,Ja'Quan,199.0,9.25,1.9199998,1.57,120.0,,73.75,4.62,75.375,2.7,33.0,,4.4,30.625,2000-04-02 00:00:00,BB3667CC-9AC6-5170-9572-2B840882FACD,Las Vegas Raiders,LV,2024,,,,Zephyrhills,FL,US,3,MDUN,Maryland Terrapins,Big Ten Conference
330226,Anthony,Woods,A.J.,187.0,8.5,1.8399999,1.48,123.0,6.7,70.125,4.39,71.625,2.55,37.5,16.0,4.0,30.5,2001-03-28 00:00:00,E3003A6C-2896-5B55-9EDE-2D9A2B16DCA2,Washington Commanders,WAS,2024,,,,Germantown,MD,US,3,PAPT,Pittsburgh Panthers,Atlantic Coast Conference
349763,Jabari,Small,Jabari,200.0,8.25,1.9200001,1.64,120.0,7.0,69.625,4.57,70.25,2.65,36.5,,4.39,29.25,2002-01-31 00:00:00,B4A5EBDF-C1AB-5046-9985-A69F83A44ACE,Tennessee Titans,TEN,2024,,,,Memphis,TN,US,3,TNUN,Tennessee Volunteers,Southeastern Conference
311703,Brock,Purdy,Brock,212.0,9.25,2.1100001,1.61,,7.26,72.625,4.84,71.75,2.73,27.0,,4.52,29.0,1999-12-27 00:00:00,88397334-0092-5B55-8CE1-2BD467E0EDF8,San Francisco 49ers,SF,2022,7,41,262,Gilbert,AZ,US,3,IAST,Iowa State Cyclones,Big Twelve Conference
325899,Gabriel,Murphy,Gabriel,251.0,9.375,1.9799998,1.6,123.0,7.11,74.5,4.68,75.625,2.7,39.5,25.0,4.31,30.375,2000-10-13 00:00:00,2315DA89-83D2-5174-B6A7-1E81D98032A2,Minnesota Vikings,MIN,2024,,,,Dallas,TX,US,3,CALA,UCLA Bruins,Big Ten Conference
278258,Jackson,Snyder,Jack,306.0,10.0,2.24,1.75,109.0,7.7,77.0,5.15,78.5,2.91,27.5,25.0,4.58,31.25,1997-05-25 00:00:00,252E01FC-2471-563E-AA87-4876E74FBF06,Los Angeles Rams,LA,2022,,,,Mill Valley,CA,US,,CASJ,San Jose State Spartans,Mountain West Conference
351662,Caden,Prieskorn,Caden,246.0,10.125,2.02,1.65,107.0,7.19,77.875,4.77,80.5,2.75,31.0,18.0,4.54,33.5,1999-09-21 00:00:00,9BBD6453-9703-5015-8A11-1A607B8805BD,Detroit Lions,DET,2025,,,,Pascagoula,MS,US,,MSUN,Ole Miss Rebels,Southeastern Conference
349223,Jaylon,Carlies,Jaylon,229.0,9.875,1.8399999,1.59,123.0,7.03,74.875,4.5,81.125,2.66,34.5,22.0,4.46,34.125,2001-09-13 00:00:00,632CBB59-F592-5648-B181-6B23BDF9D85D,Indianapolis Colts,IND,2024,5,16,152,Orlando,FL,US,3,MOUN,Missouri Tigers,Southeastern Conference
361989,Kaden,Prather,Kaden,209.0,9.375,,1.53,114.0,,75.375,4.46,77.125,,30.0,,4.14,31.5,2002-09-06 00:00:00,645FDDD1-DF20-5323-93E4-C7C176BAA507,Buffalo Bills,BUF,2025,7,24,242,Montgomery Village,MD,US,4,MDUN,Maryland Terrapins,Big Ten Conference
360521,Mychal,Victor,Mikey,205.0,9.375,1.8799999,1.57,124.0,6.82,74.375,4.64,80.5,2.76,35.5,,4.34,34.5,1999-11-19 00:00:00,CB8FB75C-0A4C-5080-8580-9B2D46E98591,New England Patriots,NE,2024,,,,Pomona,CA,US,,ALST,Alabama State Hornets,Southwestern Athletic Conference
300766,Diego,Fagot,Diego,235.0,8.75,2.0199997,1.69,113.0,7.27,74.875,4.72,75.75,2.7,36.0,22.0,4.47,30.875,1997-12-30 00:00:00,A2C18DC9-2B95-595A-91C1-C07D8BF10FFC,Baltimore Ravens,BLT,2022,,,,Fort Lauderdale,FL,US,3,MDNA,Navy Midshipmen,American Athletic Conference
337963,Mark,Perry,Mark,213.0,9.125,1.8500001,1.58,131.0,7.14,72.0,4.4,76.125,2.55,37.0,13.0,4.4,31.25,2001-05-30 00:00:00,4857A921-F6C9-5357-8527-F8589332184B,Miami Dolphins,MIA,2024,,,,Rancho Cucamonga,CA,US,3,TXCU,TCU Horned Frogs,Big Twelve Conference
335246,Gottlieb,Ayedze,Gottlieb,309.0,10.125,2.13,1.71,112.0,7.71,76.25,5.01,80.625,2.88,26.5,21.0,,33.5,2000-04-10 00:00:00,EB0BEB8F-2A1E-51E2-9AB2-793F72994559,Philadelphia Eagles,PHI,2024,,,,Germantown,MD,US,,MDUN,Maryland Terrapins,Big Ten Conference
289423,Nick,Muse,Nick,258.0,9.5,2.0,1.63,111.0,7.09,76.5,4.71,77.375,2.71,30.5,27.0,4.26,31.75,1998-11-25 00:00:00,2315DA89-83D2-5174-B6A7-1E81D98032A2,Minnesota Vikings,MIN,2022,7,6,228,Belmont,NC,US,,SCUN,South Carolina Gamecocks,Southeastern Conference
283341,Clint,Ratkovich,Clint,236.0,9.75,2.0500002,1.66,122.0,7.13,72.625,4.67,74.0,2.62,34.0,31.0,4.32,30.125,1997-09-16 00:00:00,05B24043-BB4C-50E7-88F6-F2E43146B5A2,Atlanta Falcons,ATL,2022,,,,Crete,IL,US,,ILNO,Northern Illinois Huskies,Mid-American Conference
300685,Isiah,Pacheco,Isiah,222.0,9.125,1.8399999,1.49,118.0,7.09,70.25,4.37,74.125,2.53,33.0,27.0,4.27,30.5,1999-03-02 00:00:00,3BAABDB4-8C73-58F8-8E87-8DB435AEFB16,Kansas City Chiefs,KC,2022,7,30,251,Vineland,NJ,US,3,NJRU,Rutgers Scarlet Knights,Big Ten Conference
424645,Zahquan,Frazier,Zah,184.0,8.375,,1.51,126.0,7.0,74.625,4.36,80.125,,37.0,14.0,4.26,33.0,2000-10-05 00:00:00,A939ECC7-FDBE-5F71-AF12-B480EFB5FFEB,Chicago Bears,CHI,2025,5,33,171,Cedartown,GA,US,,TXSN,UTSA Roadrunners,American Athletic Conference
271745,Nick,Grant,Nick,190.0,9.375,2.0899997,1.64,123.0,7.06,72.875,4.72,76.25,2.63,33.0,19.0,4.28,31.125,,,,,2022,,,,Spotsylvania,VA,US,3,VAUN,Virginia Cavaliers,Atlantic Coast Conference
310484,Joshua,Johnson,Joshua,179.0,8.625,1.9699998,1.56,,,70.5,4.62,74.625,2.65,,14.0,,32.25,1999-08-10 00:00:00,9BBD6453-9703-5015-8A11-1A607B8805BD,Detroit Lions,DET,2022,,,,Little Rock,AR,US,3,OKTU,Tulsa Golden Hurricane,American Athletic Conference
368413,Marcellas,Dial,Marcellas,191.0,9.125,1.8500001,1.56,129.0,7.29,71.625,4.46,78.375,2.61,40.5,16.0,4.42,32.75,2000-12-06 00:00:00,CB8FB75C-0A4C-5080-8580-9B2D46E98591,New England Patriots,NE,2024,6,4,181,Woodruff,SC,US,,SCUN,South Carolina Gamecocks,Southeastern Conference
305826,Decobie,Durant,Cobie,183.0,8.75,1.8300002,1.52,117.0,7.02,69.675,4.38,72.75,2.55,36.0,11.0,4.4,30.75,1998-02-09 00:00:00,252E01FC-2471-563E-AA87-4876E74FBF06,Los Angeles Rams,LA,2022,4,37,142,Lamar,SC,US,,SCST,South Carolina State Bulldogs,Mid-Eastern Athletic Conference
279802,Xavier,Newman-Johnson,Xavier,297.0,9.75,2.18,1.72,,8.32,73.875,5.13,79.75,2.95,27.0,23.0,4.75,33.25,1999-08-04 00:00:00,B4A5EBDF-C1AB-5046-9985-A69F83A44ACE,Tennessee Titans,TEN,2022,,,,DeSoto,TX,US,4,TXBA,Baylor Bears,Big Twelve Conference
312958,Isaac,Guerendo,Isaac,223.0,9.125,1.79,1.54,129.0,6.94,72.0,4.33,74.875,2.54,41.5,17.0,4.15,30.5,2000-06-28 00:00:00,88397334-0092-5B55-8CE1-2BD467E0EDF8,San Francisco 49ers,SF,2024,4,29,129,Clayton,IN,US,3,KYLO,Louisville Cardinals,Atlantic Coast Conference
350247,Ryan,Watts,Ryan,213.0,9.25,1.8700001,1.59,133.0,6.82,75.125,4.53,81.375,2.66,40.5,10.0,4.13,34.5,2001-11-07 00:00:00,995A2DD0-93BD-5651-A60D-6708B62B17B3,Pittsburgh Steelers,PIT,2024,6,19,195,Little Elm,TX,US,4,TXUN,Texas Longhorns,Southeastern Conference
326546,Omar,Brown,Omar,205.0,9.25,1.8400002,1.53,120.0,6.97,72.75,4.53,76.875,2.69,35.0,11.0,4.38,30.75,2000-10-12 00:00:00,30A0F7E1-9843-5EDD-8CF1-C60918B7F861,Denver Broncos,DEN,2024,,,,Minneapolis,MN,US,3,NEUN,Nebraska Cornhuskers,Big Ten Conference
326531,Casey,Washington,Casey,201.0,9.875,1.8600001,1.57,127.0,7.39,72.875,4.46,76.0,2.6,39.5,13.0,4.43,31.125,2001-03-06 00:00:00,05B24043-BB4C-50E7-88F6-F2E43146B5A2,Atlanta Falcons,ATL,2024,6,11,188,Round Rock,TX,US,3,ILUN,Illinois Fighting Illini,Big Ten Conference
287953,Vederian,Lowe,Vederian,310.0,10.25,2.2299998,1.75,99.0,7.83,76.625,5.22,85.75,2.99,25.5,22.0,4.71,35.0,1999-04-17 00:00:00,2315DA89-83D2-5174-B6A7-1E81D98032A2,Minnesota Vikings,MIN,2022,6,5,184,Rockford,IL,US,3,ILUN,Illinois Fighting Illini,Big Ten Conference
326095,Dylan,McMahon,Dylan,301.0,9.5,2.1799998,1.75,115.0,7.26,75.125,5.1,76.25,2.92,33.0,25.0,4.45,31.5,2001-01-22 00:00:00,EB0BEB8F-2A1E-51E2-9AB2-793F72994559,Philadelphia Eagles,PHI,2024,6,14,190,Savannah,GA,US,3,NCST,NC State Wolfpack,Atlantic Coast Conference
305264,Ellis,Brooks,Ellis,226.0,,2.07,1.62,110.0,7.28,73.375,4.77,,2.7,33.5,23.0,4.31,,1999-06-12 00:00:00,63D59843-D136-5F8B-9C55-DE09A20AB321,Green Bay Packers,GB,2022,,,,Mechanicsville,VA,US,4,PAST,Penn State Nittany Lions,Big Ten Conference
304854,Tre,Walker,Tre,235.0,10.375,1.9599998,1.68,114.0,7.95,72.25,4.72,80.0,2.76,29.5,18.0,4.95,32.375,2000-06-19 00:00:00,E3003A6C-2896-5B55-9EDE-2D9A2B16DCA2,Washington Commanders,WAS,2022,,,,Dos Palos,CA,US,3,IDUN,Idaho Vandals,Big Sky Conference
327913,Zion,Logue,Zion,318.0,9.75,2.1399999,1.82,109.0,7.85,77.75,5.14,80.75,3.0,24.5,17.0,4.83,33.25,2001-07-13 00:00:00,05B24043-BB4C-50E7-88F6-F2E43146B5A2,Atlanta Falcons,ATL,2024,6,21,197,Lebanon,TN,US,4,GAUN,Georgia Bulldogs,Southeastern Conference
331921,Josiah,Ezirim,Josiah,328.0,10.375,2.13,1.92,113.0,,77.75,5.15,85.25,3.02,29.5,28.0,,35.0,2001-05-21 00:00:00,361E23BB-82F8-554D-B60D-24AC2D7679C3,New Orleans Saints,NO,2024,7,19,239,Hilliard,OH,US,,KYEA,Eastern Kentucky Colonels,United Athletic Conference
280152,Ronnie,Rivers,Ronnie,198.0,8.5,1.9100001,1.57,119.0,6.91,67.5,4.57,69.75,2.66,36.5,19.0,4.34,28.0,1999-01-31 00:00:00,29BC477A-E5B7-57DD-B73C-AD9783E85B3C,Arizona Cardinals,ARZ,2022,,,,Brentwood,CA,US,3,CAFR,Fresno State Bulldogs,Mountain West Conference
405914,Qwan'tez,Stiggers,Qwan'tez,204.0,8.875,1.9499998,1.52,128.0,7.08,71.75,4.45,73.375,2.5,36.0,,4.32,30.5,2002-01-08 00:00:00,84F58345-4A56-5C30-92B4-7365AC46B68F,New York Jets,NYJ,2024,5,41,177,,,,,,,
326599,Kenny,Logan,Kenny,209.0,9.625,1.9299998,1.7,116.0,7.14,70.875,4.68,75.75,2.75,33.0,13.0,4.53,31.75,2000-10-25 00:00:00,252E01FC-2471-563E-AA87-4876E74FBF06,Los Angeles Rams,LA,2024,,,,St. Augustine,FL,US,3,KSUN,Kansas Jayhawks,Big Twelve Conference
300886,Josh,Seltzner,Josh,309.0,9.75,2.23,1.8,113.0,7.46,76.625,5.27,78.0,3.04,31.0,26.0,4.53,32.5,1998-12-02 00:00:00,632CBB59-F592-5648-B181-6B23BDF9D85D,Indianapolis Colts,IND,2022,,,,Columbus,WI,US,,WIUN,Wisconsin Badgers,Big Ten Conference
349348,Sean,Martin,Sean,293.0,10.625,,1.7,112.0,7.38,77.5,4.88,84.5,,28.5,28.0,,35.0,2001-11-30,,,,,,,,Bluefield,WV,US,3,WVUN,West Virginia Mountaineers,Big Twelve Conference
348705,Cameron,Horsley,Cam,312.0,9.5,2.1599998,1.73,108.0,7.67,74.875,5.04,80.75,2.88,31.5,26.0,4.74,33.0,2002-02-06 00:00:00,B4A5EBDF-C1AB-5046-9985-A69F83A44ACE,Tennessee Titans,TEN,2025,,,,Cinnaminson,NJ,US,,MABC,Boston College Eagles,Atlantic Coast Conference
328168,Craig,Woodson,Craig,203.0,8.875,,1.53,127.0,7.06,72.125,4.45,74.625,,36.0,13.0,4.2,31.0,2001-02-20 00:00:00,CB8FB75C-0A4C-5080-8580-9B2D46E98591,New England Patriots,NE,2025,4,4,106,Grand Prairie,TX,US,3,CAUN,California Golden Bears,Atlantic Coast Conference
281203,Austin,Deculus,Austin,322.0,9.25,2.25,1.75,109.0,,77.0,5.06,83.125,2.81,28.5,24.0,4.99,34.375,1999-03-12 00:00:00,E871178D-CA00-52FF-9E93-E3F7A8A9BC9F,Houston Texans,HST,2022,6,27,205,Mamou,LA,US,4,LAST,LSU Tigers,Southeastern Conference
282706,Dustin,Crum,Dustin,210.0,9.375,2.01,1.6,,,73.0,4.75,71.125,2.74,,,4.36,31.75,1999-01-05 00:00:00,3BAABDB4-8C73-58F8-8E87-8DB435AEFB16,Kansas City Chiefs,KC,2022,,,,Grafton,OH,US,3,OHKS,Kent State Golden Flashes,Mid-American Conference
349639,LaJohntay,Wester,LaJohntay,170.0,8.5,,1.53,121.0,,69.875,4.46,71.875,,32.0,,,29.75,2002-03-29 00:00:00,A2C18DC9-2B95-595A-91C1-C07D8BF10FFC,Baltimore Ravens,BLT,2025,6,27,203,Palmetto,FL,US,,COUN,Colorado Buffaloes,Big Twelve Conference
304745,Drake,Stoops,Drake,186.0,8.5,2.06,1.63,107.0,7.04,69.625,4.71,69.5,2.65,30.0,8.0,4.32,29.0,1999-06-16 00:00:00,252E01FC-2471-563E-AA87-4876E74FBF06,Los Angeles Rams,LA,2024,,,,Norman,OK,US,3,OKUN,Oklahoma Sooners,Southeastern Conference
339671,Bamidele,Olaseni,Bam,339.0,9.875,2.4,1.8,96.0,8.25,79.125,5.44,88.375,3.04,26.0,,5.02,36.5,1996-01-12 00:00:00,BB3667CC-9AC6-5170-9572-2B840882FACD,Las Vegas Raiders,LV,2022,,,,London,,GB,,UTUN,Utah Utes,Big Twelve Conference
305905,Sundiata,Anderson,Sundiata,247.0,9.5,1.9499998,1.7,123.0,7.32,76.0,4.83,79.375,2.88,38.5,15.0,4.34,33.875,2000-07-28 00:00:00,BC17557B-B749-58B5-9404-8682A796A9D2,Seattle Seahawks,SEA,2024,,,,College Park,GA,US,,LAGR,Grambling State Tigers,Southwestern Athletic Conference
310508,Marquan,McCall,Marquan,354.0,11.0,2.35,1.95,86.0,,74.625,5.43,80.875,3.08,20.5,26.0,5.03,33.25,1999-03-26 00:00:00,B0AFC250-BC45-565B-AB31-C09E2D5209E8,Carolina Panthers,CAR,2022,,,,Detroit,MI,US,4,KYUN,Kentucky Wildcats,Southeastern Conference
300652,Thomas,Booker,Thomas,301.0,10.625,2.0900002,1.68,110.0,7.33,75.375,4.94,80.75,2.85,,31.0,4.41,33.25,1999-11-11 00:00:00,E871178D-CA00-52FF-9E93-E3F7A8A9BC9F,Houston Texans,HST,2022,5,7,150,Ellicott City,MD,US,4,CAST,Stanford Cardinal,Atlantic Coast Conference
325010,Tayvion,Robinson,Tayvion,191.0,9.25,1.97,1.62,117.0,7.02,70.125,4.75,75.25,2.78,32.0,13.0,4.56,31.0,2000-10-01 00:00:00,A2C18DC9-2B95-595A-91C1-C07D8BF10FFC,Baltimore Ravens,BLT,2024,,,,Virginia Beach,VA,US,3,KYUN,Kentucky Wildcats,Southeastern Conference
324989,Kedon,Slovis,Kedon,219.0,9.875,1.9000001,1.57,118.0,,74.5,4.55,74.375,2.65,30.0,,,31.125,2001-04-11 00:00:00,632CBB59-F592-5648-B181-6B23BDF9D85D,Indianapolis Colts,IND,2024,,,,Scottsdale,AZ,US,3,UTBY,BYU Cougars,Big Twelve Conference
304293,Teagan,Quitoriano,Teagan,256.0,9.25,2.0800002,1.76,117.0,7.33,77.75,4.94,79.625,2.86,32.0,22.0,4.5,33.5,2000-03-15 00:00:00,E871178D-CA00-52FF-9E93-E3F7A8A9BC9F,Houston Texans,HST,2022,5,27,170,Salem,OR,US,3,ORST,Oregon State Beavers,Pacific Twelve Conference
385199,Jerreth,Sterns,Jerreth,183.0,9.0,2.0,1.6,119.0,6.8,67.375,4.62,72.0,2.62,40.0,12.0,4.14,30.125,1999-07-01 00:00:00,07F46F9D-1C41-534E-AB68-574E82C94A46,Tampa Bay Buccaneers,TB,2022,,,,Waxahachie,TX,US,3,KYWE,Western Kentucky Hilltoppers,Conference USA
300608,Dawson,Deaton,Dawson,308.0,9.625,2.1699998,1.74,108.0,7.52,77.5,5.12,81.25,2.95,29.0,24.0,4.49,32.875,1999-05-06 00:00:00,BECDB626-1B97-5904-9EED-71842375BC39,Cleveland Browns,CLV,2022,7,25,246,Frisco,TX,US,3,TXTC,Texas Tech Red Raiders,Big Twelve Conference
354509,Chandler,Martin,Chandler,229.0,10.0,1.8799999,1.58,126.0,,71.875,4.54,76.375,2.66,37.0,17.0,4.28,31.875,2002-12-11 00:00:00,A2C18DC9-2B95-595A-91C1-C07D8BF10FFC,Baltimore Ravens,BLT,2025,,,,Lithonia,GA,US,,TNMS,Memphis Tigers,American Athletic Conference
351603,O'Donnell,Fortune,O'Donnell,189.0,9.25,1.8600001,1.57,118.0,7.4,72.625,4.57,74.75,2.71,33.5,13.0,4.47,31.75,2001-09-08 00:00:00,8F5BF2A9-6CE9-5164-988E-2E0062F32090,New York Giants,NYG,2025,,,,Sumter,SC,US,3,SCUN,South Carolina Gamecocks,Southeastern Conference
281435,Armani,Rogers,Armani,,,,,,,,,,,,,,,1997-12-04 00:00:00,E3003A6C-2896-5B55-9EDE-2D9A2B16DCA2,Washington Commanders,WAS,2022,,,,Los Angeles,CA,US,3,OHUN,Ohio Bobcats,Mid-American Conference
312931,Julian,Pearl,Julian,310.0,10.25,,,,,78.125,,85.75,,,,,35.125,1999-10-06 00:00:00,A2C18DC9-2B95-595A-91C1-C07D8BF10FFC,Baltimore Ravens,BLT,2024,,,,Danville,IL,US,3,ILUN,Illinois Fighting Illini,Big Ten Conference
339980,Marco,Ortiz,Marco,,,,,,,,,,,,,,,2000-01-25 00:00:00,,,,,,,,Richmond,VA,US,,NEUN,Nebraska Cornhuskers,Big Ten Conference
283380,Brock,Hoffman,Brock,302.0,10.625,2.4099998,1.78,94.0,7.75,75.5,5.49,81.125,3.08,28.0,20.0,4.62,33.25,1999-07-02 00:00:00,BECDB626-1B97-5904-9EED-71842375BC39,Cleveland Browns,CLV,2022,,,,Statesville,NC,US,3,VAPI,Virginia Tech Hokies,Atlantic Coast Conference
280434,Hayden,Howerton,Hayden,300.0,9.875,2.1799998,1.79,106.0,7.78,75.0,5.24,79.0,3.06,32.0,36.0,4.7,33.25,1999-02-11 00:00:00,B4A5EBDF-C1AB-5046-9985-A69F83A44ACE,Tennessee Titans,TEN,2022,,,,Katy,TX,US,3,TXMU,SMU Mustangs,Atlantic Coast Conference
326492,Jarius,Monroe,Jarius,201.0,9.0,1.9499998,1.62,,7.3,72.75,4.64,77.5,2.69,33.0,9.0,4.32,32.0,2000-10-06 00:00:00,84F58345-4A56-5C30-92B4-7365AC46B68F,New York Jets,NYJ,2024,,,,LaPlace,LA,US,3,LATU,Tulane Green Wave,American Athletic Conference
349682,Will,Sheppard,Will,203.0,10.0,1.95,1.58,126.0,,74.75,4.59,77.75,2.64,38.5,,4.31,32.0,2002-02-11 00:00:00,63D59843-D136-5F8B-9C55-DE09A20AB321,Green Bay Packers,GB,2025,,,,Madisonville,LA,US,3,COUN,Colorado Buffaloes,Big Twelve Conference
369216,Tommy,Akingbesote,Tommy,307.0,10.0,,1.77,103.0,,75.625,5.09,82.5,,29.5,,4.76,33.0,2003-02-25 00:00:00,1AFBDD15-D429-5BCB-A55B-AF7199345DA5,Dallas Cowboys,DAL,2025,7,31,249,Largo,MD,US,4,MDUN,Maryland Terrapins,Big Ten Conference
337584,Daequan,Hardy,Daequan,182.0,8.125,1.8200002,1.5,126.0,7.06,69.0,4.38,70.9,2.56,42.5,15.0,4.2,30.0,2001-06-13 00:00:00,645FDDD1-DF20-5323-93E4-C7C176BAA507,Buffalo Bills,BUF,2024,6,43,220,Pittsburgh,PA,US,3,PAST,Penn State Nittany Lions,Big Ten Conference
306113,Tuli,Letuligasenoa,Tuli,295.0,9.5,2.29,1.8,,7.97,73.25,5.33,77.625,3.04,27.5,24.0,4.84,31.25,2000-06-09 00:00:00,252E01FC-2471-563E-AA87-4876E74FBF06,Los Angeles Rams,LA,2024,,,,Concord,CA,US,4,WAUN,Washington Huskies,Big Ten Conference
364058,Mason,Pline,Mason,251.0,10.25,2.01,1.64,118.0,7.45,78.375,4.79,78.625,2.78,33.0,,4.65,33.0,2000-02-05 00:00:00,88397334-0092-5B55-8CE1-2BD467E0EDF8,San Francisco 49ers,SF,2024,,,,Fowler,MI,US,,SCFU,Furman Paladins,Southern Conference
337857,Willis,Patrick,Willis,319.0,9.875,2.18,1.95,101.0,8.63,75.0,5.32,79.5,3.14,25.5,24.0,,32.375,2000-05-31 00:00:00,DD0C9C81-33C9-5CC9-BEE2-7C26A6327F6C,Los Angeles Chargers,LAC,2024,,,,Grand Prairie,TX,US,,TXCU,TCU Horned Frogs,Big Twelve Conference
352510,Antwane,Wells,Antwane,204.0,8.375,,1.53,124.0,,72.75,4.58,77.25,,34.0,,,32.625,2001-04-02 00:00:00,8F5BF2A9-6CE9-5164-988E-2E0062F32090,New York Giants,NYG,2025,,,,Richmond,VA,US,,MSUN,Ole Miss Rebels,Southeastern Conference
282907,Samori,Toure,Samori,191.0,9.375,1.8600001,1.64,124.0,6.77,72.875,4.48,76.75,2.62,34.5,7.0,4.22,32.25,1998-03-24 00:00:00,63D59843-D136-5F8B-9C55-DE09A20AB321,Green Bay Packers,GB,2022,7,37,259,Portland,OR,US,,NEUN,Nebraska Cornhuskers,Big Ten Conference
339245,Kalen,DeLoach,Kalen,216.0,8.5,1.8599999,1.57,119.0,,71.375,4.47,73.75,2.61,30.5,23.0,,31.0,2000-11-28 00:00:00,07F46F9D-1C41-534E-AB68-574E82C94A46,Tampa Bay Buccaneers,TB,2024,,,,Savannah,GA,US,4,FLST,Florida State Seminoles,Atlantic Coast Conference
328048,Marlin,Devonshire,M.J.,189.0,8.875,1.8599999,1.54,124.0,7.0,71.375,4.45,79.125,2.59,38.5,10.0,4.31,33.5,2000-09-12 00:00:00,BB3667CC-9AC6-5170-9572-2B840882FACD,Las Vegas Raiders,LV,2024,7,9,229,Aliquippa,PA,US,,PAPT,Pittsburgh Panthers,Atlantic Coast Conference
377685,Thomas,Perry,Thomas,,,,,,,,,,,,,,,2003-05-28 00:00:00,,,,2025,,,,,,,,VTMI,Middlebury Panthers,New England Small College Athletic Conference
336496,John Rhys,Plumlee,John Rhys,203.0,8.875,1.8900003,1.63,124.0,6.96,71.75,4.51,74.125,2.62,36.5,,4.27,30.375,2001-01-02 00:00:00,995A2DD0-93BD-5651-A60D-6708B62B17B3,Pittsburgh Steelers,PIT,2024,,,,Hattiesburg,MS,US,4,FLCE,UCF Knights,Big Twelve Conference
338968,Tyron,Herring,Tyron,201.0,9.25,1.8399997,1.6,119.0,7.25,73.0,4.49,77.125,2.65,31.5,10.0,4.41,31.875,2001-04-14 00:00:00,63D59843-D136-5F8B-9C55-DE09A20AB321,Green Bay Packers,GB,2025,,,,Delray Beach,FL,US,,DEUN,Delaware Fightin' Blue Hens,Conference USA
338131,Marcus,Wehr,Marcus,301.0,8.375,,1.72,114.0,8.15,74.625,5.15,77.625,,34.5,29.0,4.91,31.625,2000-12-01,,,,,,,,Billings,MT,US,,MTST,Montana State Bobcats,Big Sky Conference
277795,Dallis,Flowers,Dallis,196.0,9.875,1.8400002,1.47,131.0,7.07,73.0,4.4,78.0,2.56,,,4.34,32.0,1997-06-04 00:00:00,632CBB59-F592-5648-B181-6B23BDF9D85D,Indianapolis Colts,IND,2022,,,,Chicago,IL,US,,KSPS,Pittsburg State Gorillas,Mid-America Intercollegiate Athletic Association
326405,Josh,Wallace,Josh,186.0,9.0,2.0099998,1.58,124.0,7.03,71.125,4.68,76.0,2.67,34.0,13.0,4.35,31.25,2000-07-05 00:00:00,252E01FC-2471-563E-AA87-4876E74FBF06,Los Angeles Rams,LA,2024,,,,Bowie,MD,US,3,MIUN,Michigan Wolverines,Big Ten Conference
317591,Caleb,Shudak,Caleb,177.0,9.0,,,,,66.625,,70.125,,,,,28.375,1997-11-19 00:00:00,B4A5EBDF-C1AB-5046-9985-A69F83A44ACE,Tennessee Titans,TEN,2022,,,,Council Bluffs,IA,US,,IAUN,Iowa Hawkeyes,Big Ten Conference
352880,Efton,Chism,Efton,193.0,9.0,1.99,1.62,118.0,6.77,70.5,4.71,73.5,2.72,34.5,16.0,4.06,30.5,2001-10-26 00:00:00,CB8FB75C-0A4C-5080-8580-9B2D46E98591,New England Patriots,NE,2025,,,,Monroe,WA,US,,WAEA,Eastern Washington Eagles,Big Sky Conference
327662,Dadrion,Taylor-Demerson,Dadrion,200.0,9.625,1.8499999,1.54,123.0,7.0,70.375,4.41,74.25,2.56,38.0,18.0,4.39,30.5,2000-01-20 00:00:00,29BC477A-E5B7-57DD-B73C-AD9783E85B3C,Arizona Cardinals,ARZ,2024,4,4,105,Oklahoma City,OK,US,,TXTC,Texas Tech Red Raiders,Big Twelve Conference
353749,Teddye,Buchanan,Teddye,235.0,9.5,,1.59,125.0,7.24,74.0,4.6,75.5,,40.0,26.0,4.27,31.375,2002-10-03 00:00:00,A2C18DC9-2B95-595A-91C1-C07D8BF10FFC,Baltimore Ravens,BLT,2025,4,27,129,San Francisco,CA,US,3,CAUN,California Golden Bears,Atlantic Coast Conference
361567,Payton,Page,Payton,300.0,10.0,2.16,1.75,116.0,,75.5,5.13,79.375,2.97,33.0,27.0,,31.375,2002-09-27 00:00:00,84F58345-4A56-5C30-92B4-7365AC46B68F,New York Jets,NYJ,2025,,,,Greensboro,NC,US,4,SCCL,Clemson Tigers,Atlantic Coast Conference
304374,Tayland,Humphrey,Tayland,328.0,,2.3,1.94,98.0,8.34,72.375,5.44,,3.14,26.0,20.0,5.12,,,,,,,,,,Houston,TX,US,,LASW,Louisiana Ragin' Cajuns,Sun Belt Conference
350070,Jackson,Woodard,Jackson,230.0,9.375,2.1,1.71,117.0,7.44,74.125,4.87,77.125,2.77,36.0,21.0,4.5,31.375,2002-07-02 00:00:00,BC17557B-B749-58B5-9404-8682A796A9D2,Seattle Seahawks,SEA,2025,,,,Little Rock,AR,US,,NVLV,UNLV Rebels,Mountain West Conference
327851,Nathan,Pickering,Nathan,314.0,10.125,,,,7.81,75.75,,80.0,,24.5,18.0,4.7,33.125,2000-11-08 00:00:00,BC17557B-B749-58B5-9404-8682A796A9D2,Seattle Seahawks,SEA,2024,,,,Mount Olive,MS,US,4,MSST,Mississippi State Bulldogs,Southeastern Conference
285545,De'Shaan,Dixon,De'Shaan,247.0,10.375,2.05,1.59,114.0,7.17,76.25,4.71,81.25,2.66,34.0,15.0,4.6,33.5,1998-12-16 00:00:00,B0D7698E-EDF7-5AFE-98FE-85827218ADB9,Jacksonville Jaguars,JAX,2022,,,,Chesapeake,VA,US,,VANO,Norfolk State Spartans,Mid-Eastern Athletic Conference
